LANGUAGE;LABELLED RESOURCE COUNT;UNLABELLED RESOURCE COUNT;numberOfSpeakers
eng;1409;63813950;1132366680
spa;526;8478000;480000000
fra;296;13607114;208157220
deu;266;8357823;105000000
zho;390;9719126;1299877520
ita;123;8360190;64819790
ara;288;11135523;422000000
pol;90;3923206;40200000
jpn;108;4323197;128000000
por;89;5955918;254300000
nld;60;4723581;23100000
kor;86;3447343;77300000
vie;61;19515614;76000000
ell;49;727719;15000000
swe;51;6325798;9244250
dan;37;972414;6000000
bul;35;690892;9000000
hbs;42;9700644;19000000
rus;64;8357026;171428900
fin;29;1548626;5413380
ces;47;1604761;10700000
cat;28;1954671;5100000
fas;52;5946921;70000000
nor;24;2272726;5200000
tur;33;3346806;82231620
ron;21;2915426;24300000
tha;32;1153452;40000000
est;16;612220;1251770
heb;15;1607984;9303950
hin;40;1379277;0
lav;11;552817;1500000
slk;13;591016;6000000
slv;13;49429;2400000
ukr;17;4958827;34710100
pus;17;7407;50000000
eus;9;1011359;750000
lat;9;289316;0
lit;10;556393;4000000
hun;12;1593770;12600000
msa;18;5230460;77000000
mkd;7;586315;2000000
tam;26;601353;75000000
urd;29;2276537;0
swa;9;202027;15437390
ben;18;1353480;300000000
cse;4;0;0
hau;6;104297;43900000
isl;9;15751;358000
gle;5;11108;1030000
pan;9;188323;0
mal;3;545388;37100000
mlt;4;23334;482880
nep;3;133426;24131000
tel;4;395706;82000000
fry;3;17333;845100
afr;2;430674;10300000
amh;6;46428;25000000
aze;2;681917;35000000
guj;2;133533;56400000
sin;2;164972;15300000
sqi;2;316813;6200000
ase;1;0;250000
asm;2;112711;15300000
bre;1;158556;206000
cos;1;17922;151000
epo;1;840074;2000000
glg;1;553891;2500000
gsg;1;0;0
kan;2;15632;43600000
kas;1;18514;6900000
kha;1;0;865000
mni;1;17351;1470000
mar;1;321579;83100000
mon;2;11201;7000000
sme;1;21012;25700
ori;1;84304;0
orm;2;5411;36000000
rom;1;2843;46000000
gla;2;3246;60130
sid;1;0;1800000
som;3;26221;16200000
tir;5;307;7507780
uig;2;16927;10400000
uzb;5;1112661;27000000
cym;1;528493;977366
yor;3;60211;40000000
tgl;8;247202;45000000
lao;7;15565;5225552
kat;6;511334;3700000
khm;3;36556;16600000
hat;3;92167;9600000
ceb;3;11229925;15900000
ybb;2;0;0
enm;2;0;0
zul;2;26004;15700000
kur;2;536236;21000000
lah;2;167248;0
kaz;2;652141;13161980
mxx;1;0;0
grn;1;13981;4850000
fil;1;0;0
fao;1;41083;69150
bod;1;20405;1200000
trf;1;0;0
tpi;1;5785;4000000
ibo;1;58931;27000000
bam;1;3335;2700000
wol;1;555;3700000
nhi;1;0;0
azz;1;0;0
luo;1;0;3000000
luq;1;0;0
man;1;0;0
jgo;1;0;63000
kmj;1;0;0
kin;1;1669;12100000
jav;1;48949;84308740
san;1;80472;0
mjt;1;0;0
gul;1;0;0
mkb;1;0;0
aka;1;12729;11000000
abk;0;32166;190110
ace;0;27902;0
ady;0;4502;575900
gsw;0;74497;0
ami;0;2238;0
anp;0;5101;0
arg;0;178537;20000
rki;0;1044;765000
syr;0;6565;0
hye;0;1182339;6700000
rup;0;4616;112960
frp;0;17913;227000
ast;0;244909;450000
tay;0;3239;80000
atj;0;3279;6160
ava;0;18157;766500
awa;0;5826;22000000
aym;0;8889;4000000
ban;0;64835;4000000
bak;0;183772;1200000
btm;0;2638;1100000
bbc;0;2155;2000000
bar;0;110462;14100000
bel;0;978432;7900000
bew;0;7275;0
bho;0;80037;52200000
bpy;0;63464;117500
bis;0;3449;10000
bug;0;20461;5017800
mya;0;256744;32900000
bik;0;49334;0
duw;0;6951;0
kau;0;2229;15000000
cha;0;2583;64300
cbk;0;8983;0
che;0;1192362;1393900
chr;0;4064;12300
chy;0;2283;2400
chu;0;5877;0
chv;0;119992;1279650
ksh;0;10734;0
cor;0;14754;600
cre;0;2337;10875
crh;0;57258;552740
dag;0;24115;3160000
zza;0;63814;1640000
din;0;1127;1365900
div;0;12527;340500
dzo;0;5036;237080
chm;0;52024;470000
egl;0;36356;1300000
myv;0;31296;96860
ewe;0;4188;3000000
ext;0;8949;201500
hif;0;53687;380000
fij;0;4271;341270
fon;0;4159;1935500
gur;0;2507;820000
fur;0;1109;300000
ful;0;24935;24000000
gag;0;7819;148720
lug;0;7902;4100000
gpe;0;19929;5000000
glk;0;57235;3000000
kok;0;8889;7400000
gor;0;23223;1000000
got;0;3915;0
gcr;0;2669;300000
guw;0;2747;1539000
haw;0;6166;27200
iba;0;4402;2300000
ido;0;80137;0
igl;0;1293;0
ilo;0;70493;9100000
smn;0;27257;300
inh;0;15801;322900
ina;0;45623;0
ile;0;1754;0
iku;0;2992;39770
ipk;0;287;5580
jam;0;3133;3200000
kbd;0;711;1600000
kbp;0;3447;1000000
kab;0;17884;5586000
kal;0;229;56200
xal;0;12343;780000
krc;0;16578;310400
kaa;0;24127;583410
csb;0;8872;108000
kik;0;3767;6623000
kge;0;4206;0
kom;0;20878;219100
kon;0;4008;5016500
avk;0;36337;0
kus;0;1771;0
kir;0;109795;4568480
lld;0;187796;30000
lad;0;13555;137000
lbe;0;16082;154820
lez;0;14779;633610
lij;0;27929;500000
lim;0;68572;1600000
lin;0;11399;2000000
lfn;0;7146;0
olo;0;13722;30770
jbo;0;5804;0
lmo;0;151007;3900000
nds;0;205483;5000000
dsb;0;11624;6670
ltz;0;142928;391200
mad;0;10985;15000000
mai;0;44765;33900000
mlg;0;257741;18138380
glv;0;3658;12350
mri;0;15393;160000
mzn;0;106414;3270000
xmf;0;4129;345530
mwl;0;10738;15000
mdf;0;23495;2025
mnw;0;6777;850000
mos;0;2074;7600000
nqo;0;337;0
nhe;0;13408;0
nav;0;37316;169369
nap;0;43048;7500000
new;0;166542;1000000
nia;0;4449;825768
pcm;0;2737;47500000
nrf;0;10679;0
frr;0;50819;10000
nso;0;11463;4100000
nov;0;4812;0
nup;0;891;800000
nya;0;5385;12000000
ann;0;888;0
oci;0;165912;542000
ang;0;20542;0
oss;0;75909;599250
pwn;0;631;0
pfl;0;7058;1000000
pli;0;4495;0
pam;0;23213;0
pag;0;6721;1100000
rsk;0;1945;0
blk;0;8417;0
pap;0;10102;321300
pdc;0;6031;148000
pcd;0;11961;700000
pms;0;106468;2000000
pnt;0;2106;778000
que;0;58171;8900000
roh;0;9753;40039
run;0;2727;10800000
bua;0;1128;329000
rue;0;22268;610000
szy;0;621;958
smo;0;6138;415720
sgs;0;30043;500000
sag;0;2065;4600000
sat;0;28926;6000000
srd;0;17462;1300000
stq;0;10814;1000
sco;0;138205;1500000
shn;0;3325;3000000
sna;0;20487;9023000
scn;0;55848;4700000
szl;0;75368;522000
snd;0;67894;25000000
nbl;0;627;640000
alt;0;6906;55720
dga;0;5858;1100000
sot;0;5328;6000000
srn;0;2732;415700
zgh;0;31164;0
sun;0;99435;32400000
ssw;0;3462;2034200
syl;0;5018;13980000
shi;0;14942;8000000
tah;0;3076;68000
tdd;0;1706;650000
tgk;0;283103;14000000
tly;0;13265;1000000
trv;0;2212;20000
tat;0;833205;5427318
tet;0;3952;463500
tig;0;469;800000
ton;0;5513;186010
tso;0;4235;13000000
tsn;0;6505;4500000
tcy;0;15514;2000000
tum;0;3913;2680000
tuk;0;17272;16000000
tyv;0;13954;297000
kcg;0;6196;0
udm;0;19941;340530
hsb;0;36142;13300
ven;0;2415;1064000
vec;0;143216;2000000
vep;0;37679;1640
vol;0;161665;0
wln;0;30398;600000
war;0;2870487;3100000
guc;0;1311;0
bdr;0;1367;210000
vls;0;22323;1400000
hyw;0;27797;1395240
xho;0;5544;11000000
sah;0;53515;450000
yid;0;44342;11000000
zea;0;13172;220000
zha;0;5567;16000000
sws;0;0;2839
nzk;0;0;0
nis;0;0;0
bvd;0;0;0
pbs;0;0;0
lam;0;0;219000
mrp;0;0;0
nnl;0;0;0
ilu;0;0;842
fwa;0;0;0
teq;0;0;0
dbv;0;0;0
den;0;0;2120
rdb;0;0;0
lkr;0;0;0
nfl;0;0;8400
nuj;0;0;0
xpi;0;0;0
dtd;0;0;0
bxv;0;0;0
aul;0;0;0
eno;0;0;0
xse;0;0;0
mqj;0;0;0
tlu;0;0;0
nvh;0;0;0
mzb;0;0;150000
rao;0;0;0
bhq;0;0;0
tug;0;0;0
bxj;0;0;0
ebr;0;0;0
bmv;0;0;0
vem;0;0;0
mlk;0;0;0
dai;0;0;0
cog;0;0;0
ssq;0;0;10000
wae;0;0;22780
rif;0;0;4399000
mfi;0;0;0
blm;0;0;0
dya;0;0;0
naf;0;0;0
omk;0;0;0
mtq;0;0;1140000
pmf;0;0;137000
zgr;0;0;0
byw;0;0;0
ntd;0;0;0
msb;0;0;350000
yas;0;0;0
khl;0;0;0
biu;0;0;0
gdq;0;0;0
osu;0;0;0
pnp;0;0;0
nmf;0;0;0
nwb;0;0;0
bwu;0;0;0
bfo;0;0;0
wor;0;0;0
gam;0;0;0
byx;0;0;0
vmy;0;0;0
wro;0;0;0
koy;0;0;300
gnl;0;0;0
mmm;0;0;180
seb;0;0;0
bmx;0;0;0
kue;0;0;0
neu;0;0;0
bql;0;0;0
bpw;0;0;0
bky;0;0;0
pbe;0;0;0
emu;0;0;0
mng;0;0;0
nhb;0;0;0
tge;0;0;3980
xps;0;0;0
xya;0;0;0
klc;0;0;0
wun;0;0;0
bjt;0;0;0
ktk;0;0;0
mmo;0;0;0
cbt;0;0;14000
lgr;0;0;0
afp;0;0;0
bca;0;0;0
aom;0;0;0
iml;0;0;0
mwc;0;0;1200
mjj;0;0;0
amq;0;0;0
nil;0;0;600
nop;0;0;0
tvx;0;0;0
czt;0;0;0
kth;0;0;10000
wja;0;0;60000
plk;0;0;0
mbi;0;0;0
see;0;0;100
koa;0;0;0
xtd;0;0;0
dbp;0;0;11400
eth;0;0;250000
kxy;0;0;0
asc;0;0;0
sez;0;0;0
xbr;0;0;240000
xpl;0;0;0
tnl;0;0;0
mhw;0;0;49710
udl;0;0;0
rmg;0;0;0
yil;0;0;0
lbf;0;0;0
bkk;0;0;0
scq;0;0;10
kvk;0;0;180000
cma;0;0;0
hmu;0;0;0
ypa;0;0;0
tak;0;0;1000
bgk;0;0;0
ael;0;0;0
ale;0;0;200
mpy;0;0;0
urh;0;0;0
niw;0;0;0
huq;0;0;0
nii;0;0;0
vko;0;0;0
sli;0;0;22900
bcv;0;0;0
tgc;0;0;0
ktx;0;0;270
vig;0;0;0
wlo;0;0;65000
bei;0;0;0
kad;0;0;0
kqw;0;0;0
xly;0;0;0
lwu;0;0;0
npy;0;0;0
glh;0;0;0
kfe;0;0;0
toi;0;0;1270000
vit;0;0;0
wiv;0;0;0
ycr;0;0;0
tsl;0;0;0
oos;0;0;0
kvc;0;0;0
mok;0;0;50
goq;0;0;0
knb;0;0;0
wji;0;0;77700
kcf;0;0;0
bfx;0;0;0
zik;0;0;0
tii;0;0;0
nrb;0;0;80000
gdn;0;0;0
tia;0;0;1000
cmi;0;0;0
klj;0;0;53900
rnn;0;0;0
gse;0;0;0
kig;0;0;0
app;0;0;7800
rmu;0;0;0
nsq;0;0;0
tbc;0;0;0
prc;0;0;0
grw;0;0;0
zmy;0;0;20
bgl;0;0;0
aer;0;0;0
ctu;0;0;180000
wap;0;0;13000
mgp;0;0;0
wli;0;0;0
trt;0;0;0
gaa;0;0;745000
siu;0;0;0
zoc;0;0;0
thi;0;0;0
szp;0;0;0
swg;0;0;820000
xab;0;0;0
bdq;0;0;160000
pmj;0;0;0
mso;0;0;0
jqr;0;0;448
wrw;0;0;0
twe;0;0;0
psg;0;0;0
mqp;0;0;0
tya;0;0;0
des;0;0;6000
bif;0;0;0
yha;0;0;600
mqx;0;0;0
nxa;0;0;0
blx;0;0;0
alz;0;0;0
nok;0;0;0
uby;0;0;0
tih;0;0;0
goe;0;0;1000
kcd;0;0;0
rmz;0;0;0
xwg;0;0;0
mqw;0;0;0
mot;0;0;0
cjs;0;0;2839
psc;0;0;0
bjb;0;0;0
teg;0;0;0
myx;0;0;0
ung;0;0;0
spo;0;0;0
yly;0;0;0
grh;0;0;0
idb;0;0;0
akd;0;0;0
tsc;0;0;1200000
lar;0;0;0
siv;0;0;0
tdn;0;0;0
yky;0;0;110000
myk;0;0;0
bst;0;0;92600
xmn;0;0;0
naw;0;0;0
dot;0;0;37582
loh;0;0;0
ycl;0;0;0
mxh;0;0;0
aqc;0;0;970
tgv;0;0;0
iff;0;0;0
vut;0;0;0
kaq;0;0;0
brt;0;0;0
laq;0;0;0
jur;0;0;280
kdw;0;0;0
ctm;0;0;0
omi;0;0;91000
tnu;0;0;0
vlp;0;0;0
gsm;0;0;0
ndw;0;0;0
nof;0;0;0
amw;0;0;0
kfs;0;0;0
mxl;0;0;0
xnt;0;0;0
izr;0;0;0
sur;0;0;0
kmc;0;0;1500000
kko;0;0;0
ckl;0;0;0
adh;0;0;0
lmh;0;0;0
ade;0;0;0
lua;0;0;6300000
tgb;0;0;0
poi;0;0;36000
xcy;0;0;0
dhr;0;0;0
moz;0;0;0
lrz;0;0;0
kcs;0;0;0
ngn;0;0;0
dyr;0;0;0
giq;0;0;0
dao;0;0;0
noj;0;0;2
bhs;0;0;0
cpc;0;0;4000
atp;0;0;0
nmi;0;0;0
nsg;0;0;0
dua;0;0;0
yom;0;0;0
abo;0;0;1000
umi;0;0;0
bfj;0;0;0
pls;0;0;0
aiq;0;0;0
say;0;0;300000
dbf;0;0;0
tdm;0;0;0
thu;0;0;0
xra;0;0;0
bpr;0;0;0
wmx;0;0;0
mcw;0;0;0
kwr;0;0;0
iin;0;0;0
hto;0;0;1705
lpa;0;0;0
hui;0;0;0
mds;0;0;0
tgd;0;0;2000
cdi;0;0;0
loo;0;0;0
bqz;0;0;0
hob;0;0;0
bpk;0;0;0
ifb;0;0;0
mag;0;0;20700000
btv;0;0;0
ium;0;0;820000
nbo;0;0;0
csi;0;0;0
uis;0;0;0
elh;0;0;0
pia;0;0;0
tbh;0;0;0
och;0;0;0
yuw;0;0;0
xke;0;0;0
nqy;0;0;0
rai;0;0;0
ynu;0;0;0
ijn;0;0;0
muo;0;0;0
rwa;0;0;0
kzd;0;0;350
nxx;0;0;0
phn;0;0;0
kah;0;0;0
thd;0;0;0
lkl;0;0;0
agu;0;0;27
mju;0;0;18964
irk;0;0;460000
snn;0;0;550
cnq;0;0;0
mmj;0;0;0
nym;0;0;980000
ngu;0;0;150000
yob;0;0;0
mrq;0;0;6000
ril;0;0;0
idr;0;0;0
imi;0;0;0
bvj;0;0;0
thf;0;0;0
dub;0;0;0
lau;0;0;0
pio;0;0;6400
crq;0;0;0
sch;0;0;0
nrz;0;0;0
oav;0;0;0
bsh;0;0;24200
sqr;0;0;0
ndz;0;0;0
bzk;0;0;0
mdb;0;0;0
vmi;0;0;0
srb;0;0;410000
riu;0;0;14000
muz;0;0;7500
hnh;0;0;0
anc;0;0;400000
kjm;0;0;0
wag;0;0;0
ajz;0;0;0
bxg;0;0;0
ckz;0;0;0
jig;0;0;0
tjs;0;0;0
bhp;0;0;0
nrm;0;0;0
zxx;0;0;0
mog;0;0;0
nsn;0;0;0
nbc;0;0;0
mif;0;0;0
agv;0;0;2500
sra;0;0;0
lrl;0;0;0
aba;0;0;0
sci;0;0;46000
nmg;0;0;0
jnj;0;0;0
wei;0;0;0
kvm;0;0;0
wms;0;0;0
yno;0;0;0
nhp;0;0;0
zbe;0;0;0
ain;0;0;10
oks;0;0;0
tno;0;0;200
taa;0;0;15
tmm;0;0;0
cdh;0;0;0
low;0;0;0
ctd;0;0;0
thh;0;0;0
pye;0;0;0
flr;0;0;0
icl;0;0;0
iri;0;0;0
cle;0;0;0
wfg;0;0;0
dsz;0;0;0
kcy;0;0;0
kep;0;0;0
bcf;0;0;0
def;0;0;0
xgi;0;0;0
bwa;0;0;0
dsq;0;0;100000
lev;0;0;0
tkt;0;0;0
baj;0;0;4450
pnv;0;0;0
uwa;0;0;0
aso;0;0;0
ams;0;0;1800
wlg;0;0;0
ghc;0;0;0
hur;0;0;0
urb;0;0;0
urc;0;0;0
heh;0;0;0
mae;0;0;0
coe;0;0;2100
tnk;0;0;0
emn;0;0;0
une;0;0;2023
pup;0;0;0
wbf;0;0;0
zoq;0;0;4
igm;0;0;0
aij;0;0;0
xpa;0;0;0
dnn;0;0;0
lrg;0;0;0
nra;0;0;0
kiq;0;0;0
kbv;0;0;0
ryu;0;0;984000
kpe;0;0;0
aml;0;0;0
kiz;0;0;0
rga;0;0;0
meh;0;0;0
vmv;0;0;0
khp;0;0;0
dav;0;0;0
kyj;0;0;2000
xel;0;0;0
miz;0;0;0
kzo;0;0;0
mph;0;0;371
skz;0;0;0
ehu;0;0;0
mvt;0;0;0
tuq;0;0;42500
tlc;0;0;0
tip;0;0;300
gne;0;0;0
phj;0;0;0
stb;0;0;0
rgu;0;0;0
yea;0;0;0
jmd;0;0;30
luu;0;0;0
prd;0;0;0
cns;0;0;0
apx;0;0;0
onn;0;0;0
dni;0;0;0
snm;0;0;0
rsl;0;0;120000
ist;0;0;1000
xxr;0;0;0
yet;0;0;0
ler;0;0;0
btf;0;0;0
tvm;0;0;0
nih;0;0;0
aza;0;0;0
tis;0;0;0
kns;0;0;0
mdt;0;0;0
nbe;0;0;0
slj;0;0;0
xpz;0;0;0
lif;0;0;420000
xog;0;0;0
nww;0;0;0
ssk;0;0;0
jac;0;0;33000
skw;0;0;0
ikp;0;0;0
tvu;0;0;35000
nvo;0;0;0
sgg;0;0;0
kcw;0;0;0
abm;0;0;12500
njn;0;0;0
aha;0;0;0
sab;0;0;0
adb;0;0;0
dny;0;0;740
zum;0;0;0
stu;0;0;0
nax;0;0;0
prw;0;0;0
klm;0;0;0
tlv;0;0;1500
irh;0;0;0
axe;0;0;0
bru;0;0;0
mfw;0;0;0
oia;0;0;1049
lvi;0;0;0
pog;0;0;0
dme;0;0;0
bem;0;0;3600000
aab;0;0;0
awc;0;0;0
bej;0;0;1178000
xgg;0;0;0
woi;0;0;0
bjj;0;0;0
olm;0;0;0
ayi;0;0;0
mhx;0;0;0
mmh;0;0;230
twa;0;0;0
maw;0;0;0
lja;0;0;0
scx;0;0;0
tsm;0;0;0
gnm;0;0;0
klg;0;0;0
ibe;0;0;0
ubr;0;0;0
grd;0;0;0
auy;0;0;0
ite;0;0;0
bac;0;0;0
sbl;0;0;0
pmb;0;0;0
pep;0;0;0
kic;0;0;0
dui;0;0;0
sih;0;0;0
cey;0;0;0
zrn;0;0;2240
alo;0;0;0
dee;0;0;0
ndy;0;0;0
bpa;0;0;0
psd;0;0;1000
waa;0;0;0
hil;0;0;8200000
tco;0;0;0
hed;0;0;0
ndu;0;0;0
xuu;0;0;0
kmk;0;0;0
buj;0;0;0
xib;0;0;0
mgt;0;0;0
sov;0;0;600
acv;0;0;0
lmj;0;0;0
seq;0;0;0
par;0;0;0
ygp;0;0;0
lup;0;0;0
geq;0;0;0
gas;0;0;0
sgp;0;0;0
kam;0;0;3893000
faj;0;0;0
crn;0;0;0
kkg;0;0;0
rts;0;0;0
ahs;0;0;0
dmo;0;0;0
rpt;0;0;0
mla;0;0;0
sec;0;0;0
yiv;0;0;0
gft;0;0;0
vao;0;0;0
ttc;0;0;0
zaz;0;0;0
alq;0;0;2430
kjo;0;0;0
lae;0;0;0
mpg;0;0;0
nkk;0;0;0
spx;0;0;0
vka;0;0;0
mzo;0;0;0
ide;0;0;0
btu;0;0;0
dgb;0;0;0
akk;0;0;0
dcr;0;0;0
lur;0;0;10000
asi;0;0;0
rap;0;0;5000
okn;0;0;0
ruq;0;0;5000
oda;0;0;0
mxr;0;0;0
agi;0;0;72000
lap;0;0;0
bzm;0;0;0
xmh;0;0;0
kll;0;0;0
psu;0;0;0
kki;0;0;0
lnl;0;0;0
ynn;0;0;0
bxd;0;0;400
grz;0;0;0
pkn;0;0;0
saw;0;0;0
bkc;0;0;0
bde;0;0;250000
xkj;0;0;0
gwe;0;0;0
etx;0;0;0
cnl;0;0;0
cmm;0;0;0
gim;0;0;0
jgb;0;0;0
xco;0;0;0
mpv;0;0;0
ptu;0;0;0
sba;0;0;0
aoe;0;0;0
nne;0;0;0
mjx;0;0;0
kwh;0;0;0
gmv;0;0;0
kgl;0;0;0
xtj;0;0;0
tqm;0;0;0
zbl;0;0;0
jbk;0;0;0
bcr;0;0;175
icr;0;0;0
twb;0;0;0
emx;0;0;0
ssm;0;0;0
mjs;0;0;0
aiy;0;0;0
ity;0;0;0
wrk;0;0;0
kxh;0;0;0
ito;0;0;0
kzb;0;0;0
bsb;0;0;0
slu;0;0;1823
zkd;0;0;0
hop;0;0;6780
jaa;0;0;1080
imt;0;0;0
svb;0;0;0
xow;0;0;0
cll;0;0;0
tbe;0;0;0
amc;0;0;310
ndc;0;0;0
giw;0;0;0
tsh;0;0;0
xtl;0;0;0
mce;0;0;0
gdd;0;0;0
bbd;0;0;0
cpn;0;0;0
lcd;0;0;900
xda;0;0;0
lou;0;0;10000
ket;0;0;150
oak;0;0;0
cuj;0;0;60
tli;0;0;845
ush;0;0;0
nht;0;0;0
btn;0;0;310
bbj;0;0;0
tgz;0;0;0
tlp;0;0;0
vic;0;0;0
bra;0;0;44000
ych;0;0;0
hps;0;0;0
mew;0;0;0
kls;0;0;5000
mqs;0;0;12000
wos;0;0;0
eot;0;0;0
rmb;0;0;0
xtn;0;0;0
wss;0;0;0
fom;0;0;0
tna;0;0;1800
dtr;0;0;0
kim;0;0;93
gyi;0;0;0
sbr;0;0;0
arl;0;0;50
kid;0;0;0
kkb;0;0;0
kel;0;0;0
coo;0;0;40
yrw;0;0;0
yso;0;0;0
elx;0;0;0
sim;0;0;0
mjg;0;0;152000
ign;0;0;0
sgh;0;0;60000
trd;0;0;0
kyd;0;0;2000
wyn;0;0;0
phk;0;0;0
dza;0;0;0
peq;0;0;0
tun;0;0;0
jum;0;0;0
shx;0;0;0
cpb;0;0;0
tkw;0;0;800
wmb;0;0;0
lmb;0;0;0
let;0;0;0
tmz;0;0;0
iwk;0;0;0
mdg;0;0;0
gwg;0;0;5000
jua;0;0;0
lmu;0;0;0
tei;0;0;0
sja;0;0;3802
ixl;0;0;92000
raw;0;0;63000
zor;0;0;0
mkk;0;0;0
kwb;0;0;0
pgn;0;0;0
fah;0;0;0
gmu;0;0;0
anv;0;0;0
tow;0;0;0
alh;0;0;12
ria;0;0;0
elk;0;0;0
nef;0;0;0
sda;0;0;500000
mtb;0;0;0
srg;0;0;0
isa;0;0;0
kfx;0;0;0
tqt;0;0;0
dmy;0;0;0
alp;0;0;0
nxd;0;0;0
mql;0;0;24500
kco;0;0;0
era;0;0;0
tds;0;0;0
tpv;0;0;10
nuc;0;0;0
ism;0;0;0
nij;0;0;0
nmh;0;0;0
kuq;0;0;0
gez;0;0;0
oml;0;0;0
crs;0;0;73000
bki;0;0;0
gqu;0;0;0
mxj;0;0;0
mvy;0;0;0
kqd;0;0;0
kxc;0;0;240000
idc;0;0;0
nkx;0;0;0
gnj;0;0;0
mkm;0;0;0
okk;0;0;0
pon;0;0;29000
wlm;0;0;0
scv;0;0;0
kvf;0;0;0
puu;0;0;0
myj;0;0;0
lhs;0;0;0
bux;0;0;0
xkq;0;0;0
dhu;0;0;0
pce;0;0;0
gau;0;0;0
adi;0;0;0
asu;0;0;0
hao;0;0;0
len;0;0;0
dwy;0;0;0
wmg;0;0;0
pmy;0;0;0
nwy;0;0;0
ksn;0;0;0
ugh;0;0;0
mnh;0;0;0
piu;0;0;0
xgm;0;0;0
bwm;0;0;0
tnn;0;0;0
gob;0;0;0
mlf;0;0;0
tdq;0;0;0
swf;0;0;0
gnd;0;0;26000
mgb;0;0;0
gat;0;0;0
mht;0;0;0
mhz;0;0;0
bwn;0;0;0
pei;0;0;0
vmq;0;0;0
upv;0;0;0
bdw;0;0;0
tbv;0;0;0
ljl;0;0;105000
yoy;0;0;0
bmn;0;0;0
lmy;0;0;25000
xaj;0;0;0
nun;0;0;0
doz;0;0;0
ywt;0;0;0
ktw;0;0;0
dbu;0;0;0
svx;0;0;0
mci;0;0;0
dlg;0;0;1054
nej;0;0;0
nlj;0;0;0
khj;0;0;0
xkc;0;0;0
xwk;0;0;0
tsp;0;0;0
gar;0;0;0
mxb;0;0;0
tqn;0;0;0
mlo;0;0;0
dyo;0;0;410000
set;0;0;0
gmy;0;0;0
bqh;0;0;0
cku;0;0;370
lcs;0;0;0
ths;0;0;0
aok;0;0;0
tax;0;0;0
jib;0;0;0
ser;0;0;0
mxw;0;0;0
rmi;0;0;0
ost;0;0;0
awk;0;0;0
kty;0;0;0
tzl;0;0;0
sxc;0;0;0
plv;0;0;0
sst;0;0;0
doa;0;0;0
try;0;0;0
hbn;0;0;0
inb;0;0;33000
txs;0;0;0
swj;0;0;0
bze;0;0;0
nen;0;0;0
mgr;0;0;674000
cjh;0;0;0
tqo;0;0;0
trr;0;0;1
xxk;0;0;40000
kdk;0;0;0
rmm;0;0;0
ijc;0;0;0
pcb;0;0;0
bsv;0;0;0
tvi;0;0;0
aod;0;0;0
hmk;0;0;0
tqw;0;0;0
ziz;0;0;0
thr;0;0;0
bor;0;0;1400
hir;0;0;0
xtp;0;0;0
dml;0;0;0
ccj;0;0;0
msk;0;0;58000
txt;0;0;0
orr;0;0;0
brm;0;0;0
slw;0;0;0
ska;0;0;0
wud;0;0;0
scg;0;0;0
pek;0;0;0
bkv;0;0;0
ddw;0;0;0
mnl;0;0;0
ntg;0;0;0
ybk;0;0;0
waj;0;0;0
rir;0;0;0
mle;0;0;0
ecr;0;0;0
kbb;0;0;0
bsc;0;0;33600
sru;0;0;0
job;0;0;0
hay;0;0;0
mxn;0;0;0
drq;0;0;0
unr;0;0;1500000
lgl;0;0;0
kkf;0;0;8000
jim;0;0;0
goi;0;0;0
xce;0;0;0
pid;0;0;0
okr;0;0;0
yec;0;0;16000
zmu;0;0;0
wea;0;0;0
suc;0;0;0
hig;0;0;0
yar;0;0;20
pss;0;0;0
avu;0;0;0
kkk;0;0;530
pcp;0;0;0
ybn;0;0;0
seg;0;0;0
oac;0;0;257
xki;0;0;0
pin;0;0;0
aoi;0;0;1283
ape;0;0;0
psn;0;0;0
lag;0;0;0
dro;0;0;0
mtw;0;0;0
loj;0;0;0
blo;0;0;0
guo;0;0;1000
anu;0;0;140000
bni;0;0;0
dow;0;0;18000
xht;0;0;0
btz;0;0;0
pbn;0;0;0
isn;0;0;0
sgr;0;0;0
zra;0;0;0
sny;0;0;0
wkr;0;0;0
kkx;0;0;0
xuo;0;0;0
jad;0;0;0
ywl;0;0;0
akj;0;0;0
nlm;0;0;0
srr;0;0;1200000
dbo;0;0;0
rji;0;0;0
gqn;0;0;0
txb;0;0;0
lie;0;0;0
doy;0;0;0
mtx;0;0;0
nwr;0;0;0
pci;0;0;0
aoz;0;0;0
pso;0;0;0
dkk;0;0;0
daw;0;0;0
klz;0;0;0
mxc;0;0;0
naa;0;0;0
taz;0;0;0
szw;0;0;12000
ptw;0;0;0
nyu;0;0;0
naz;0;0;1400
pno;0;0;0
bqk;0;0;0
mvb;0;0;0
thl;0;0;0
wym;0;0;70
pnj;0;0;0
lew;0;0;0
lor;0;0;0
yup;0;0;7500
jmx;0;0;0
xoc;0;0;0
bcw;0;0;23000
cjm;0;0;0
llx;0;0;0
mlc;0;0;0
ulc;0;0;732
ijs;0;0;0
mix;0;0;0
kti;0;0;0
pbv;0;0;395124
ndf;0;0;0
nyn;0;0;2300000
lic;0;0;700000
wbe;0;0;0
kmd;0;0;0
koe;0;0;0
tul;0;0;30000
brk;0;0;0
cyo;0;0;120000
bjs;0;0;0
bex;0;0;0
ddi;0;0;2200
mxz;0;0;0
tim;0;0;0
pah;0;0;0
aux;0;0;0
kvd;0;0;0
hkk;0;0;8770
wbw;0;0;0
bkl;0;0;0
nnw;0;0;0
yne;0;0;0
ceg;0;0;2000
ymp;0;0;0
vml;0;0;0
kdc;0;0;45000
jni;0;0;0
itm;0;0;0
pev;0;0;0
kny;0;0;0
esu;0;0;16900
xwc;0;0;0
twp;0;0;0
csc;0;0;0
eso;0;0;1500
dnr;0;0;0
cic;0;0;75
dsh;0;0;60500
ekl;0;0;0
iki;0;0;0
skp;0;0;0
sau;0;0;4800
lhp;0;0;0
bqd;0;0;0
nex;0;0;0
tkv;0;0;0
kyp;0;0;0
yns;0;0;0
aou;0;0;0
res;0;0;0
yes;0;0;0
pjt;0;0;4000
ibm;0;0;0
swn;0;0;0
kso;0;0;0
wlr;0;0;0
kre;0;0;0
tcf;0;0;0
ibg;0;0;400000
eme;0;0;0
tkr;0;0;23000
deq;0;0;10000
kak;0;0;0
dth;0;0;0
mff;0;0;0
bpo;0;0;0
bau;0;0;40000
err;0;0;0
sbq;0;0;0
hiw;0;0;0
ddd;0;0;0
wly;0;0;0
rkw;0;0;0
hhr;0;0;0
byn;0;0;70000
utp;0;0;0
lrt;0;0;20000
sqn;0;0;0
blp;0;0;0
kcm;0;0;0
nms;0;0;0
mox;0;0;0
tdc;0;0;0
los;0;0;0
igw;0;0;0
mns;0;0;938
txm;0;0;0
ekg;0;0;0
rmv;0;0;0
eit;0;0;0
nqq;0;0;0
bnv;0;0;0
cni;0;0;73567
liy;0;0;0
kno;0;0;0
xbc;0;0;0
cme;0;0;0
mgc;0;0;0
omr;0;0;0
dhm;0;0;22000
hch;0;0;47625
lvk;0;0;1783
nwi;0;0;0
pez;0;0;0
sct;0;0;0
xur;0;0;0
pak;0;0;0
wem;0;0;0
tsq;0;0;0
dtt;0;0;0
axg;0;0;0
kil;0;0;2000
tyh;0;0;0
mth;0;0;0
kvl;0;0;0
png;0;0;0
kja;0;0;0
hld;0;0;0
dge;0;0;0
hag;0;0;0
auq;0;0;70
bxc;0;0;0
ntx;0;0;0
okj;0;0;0
ssj;0;0;0
esm;0;0;0
mei;0;0;0
uan;0;0;0
xcg;0;0;0
bqs;0;0;0
emz;0;0;0
mty;0;0;0
kvo;0;0;2000
brw;0;0;0
oin;0;0;0
ttt;0;0;0
crr;0;0;0
auo;0;0;0
mcp;0;0;0
dam;0;0;0
bay;0;0;0
wsr;0;0;0
eze;0;0;0
bmr;0;0;150
txq;0;0;0
hsh;0;0;0
neb;0;0;0
ehs;0;0;0
tpj;0;0;0
nyf;0;0;0
kkh;0;0;120000
tsw;0;0;0
bgd;0;0;0
gmg;0;0;0
xrw;0;0;0
nao;0;0;0
tsg;0;0;1100000
yao;0;0;0
pbl;0;0;0
dse;0;0;0
gae;0;0;650
nlk;0;0;0
xsq;0;0;0
tom;0;0;0
jpr;0;0;60000
rro;0;0;0
jae;0;0;0
klw;0;0;2400
oor;0;0;0
ahh;0;0;3000
pnz;0;0;0
mhs;0;0;32980
kbl;0;0;0
ofu;0;0;0
zmb;0;0;0
txi;0;0;500
bro;0;0;0
bkp;0;0;0
goc;0;0;0
ccp;0;0;326000
pib;0;0;5000
sfb;0;0;0
xem;0;0;0
xmk;0;0;0
iws;0;0;0
mlw;0;0;8500
ghr;0;0;0
gay;0;0;0
kxx;0;0;0
soi;0;0;0
twd;0;0;0
pdn;0;0;0
ved;0;0;300
ksf;0;0;60000
cik;0;0;0
mbv;0;0;0
psi;0;0;0
wlv;0;0;0
jee;0;0;0
anr;0;0;0
mts;0;0;0
tln;0;0;0
xlb;0;0;0
mvi;0;0;0
lkt;0;0;2000
yii;0;0;52
mov;0;0;0
byz;0;0;0
sxm;0;0;0
brc;0;0;0
mkc;0;0;0
tgy;0;0;0
mvn;0;0;0
ckh;0;0;4000
amf;0;0;0
xky;0;0;0
tmr;0;0;0
tva;0;0;0
tgi;0;0;0
rat;0;0;0
jkr;0;0;1500
brg;0;0;0
kbs;0;0;0
nnv;0;0;0
uki;0;0;645000
ncn;0;0;0
nhy;0;0;0
ixc;0;0;0
smt;0;0;0
bka;0;0;0
apn;0;0;0
tcw;0;0;0
tyr;0;0;650000
adt;0;0;0
pef;0;0;0
aau;0;0;7270
xng;0;0;0
gzn;0;0;2900
fab;0;0;5600
ebu;0;0;320000
kyk;0;0;363000
gdj;0;0;0
hmr;0;0;0
xkb;0;0;0
imr;0;0;0
khu;0;0;0
afu;0;0;0
shp;0;0;34152
slh;0;0;0
zmk;0;0;0
wdu;0;0;0
bml;0;0;0
dba;0;0;3500
ggl;0;0;0
kdy;0;0;0
cet;0;0;0
kwa;0;0;142
cuu;0;0;0
mbk;0;0;0
pny;0;0;0
huv;0;0;0
stv;0;0;0
tre;0;0;0
tms;0;0;0
nrn;0;0;0
ygu;0;0;0
hbu;0;0;0
lkj;0;0;0
ipi;0;0;0
xkt;0;0;0
ldl;0;0;0
tod;0;0;0
tzh;0;0;0
zkr;0;0;0
bue;0;0;0
pht;0;0;0
dmg;0;0;0
sxo;0;0;0
agf;0;0;0
shq;0;0;0
wow;0;0;0
rob;0;0;0
wme;0;0;0
ypn;0;0;0
atu;0;0;0
txu;0;0;7100
wng;0;0;0
lti;0;0;0
xsp;0;0;0
reg;0;0;0
onw;0;0;0
pkg;0;0;0
nek;0;0;0
djn;0;0;0
bbs;0;0;0
pmw;0;0;0
nsd;0;0;0
udi;0;0;8000
bip;0;0;0
mfh;0;0;18000
ukk;0;0;4500
gdx;0;0;0
mdv;0;0;0
oko;0;0;0
mfr;0;0;20
nau;0;0;9300
pww;0;0;0
smy;0;0;0
mvs;0;0;0
haq;0;0;990000
cok;0;0;0
gnu;0;0;0
hrt;0;0;0
bbr;0;0;0
mtc;0;0;0
sui;0;0;3500
sfw;0;0;0
ahn;0;0;0
kuy;0;0;0
mgj;0;0;0
izz;0;0;0
lku;0;0;0
xsc;0;0;0
kpn;0;0;0
bdv;0;0;0
krz;0;0;0
rgs;0;0;0
zmd;0;0;20
bbb;0;0;0
etz;0;0;0
del;0;0;0
aia;0;0;0
cuo;0;0;0
bvq;0;0;0
tku;0;0;0
cow;0;0;0
wrz;0;0;0
ngw;0;0;0
itl;0;0;82
nyq;0;0;0
dix;0;0;0
juc;0;0;0
sto;0;0;0
kaw;0;0;0
abb;0;0;0
gkd;0;0;0
ldn;0;0;0
kxf;0;0;0
bfa;0;0;0
bqr;0;0;0
yph;0;0;0
dju;0;0;0
coj;0;0;0
nrg;0;0;0
mbb;0;0;15000
tsx;0;0;0
bhl;0;0;0
dwa;0;0;7200
mcg;0;0;12
acu;0;0;0
dta;0;0;96085
kdf;0;0;0
xgu;0;0;0
aea;0;0;0
bch;0;0;0
aem;0;0;0
frs;0;0;200000
bgw;0;0;0
juy;0;0;0
hah;0;0;0
dhx;0;0;0
ney;0;0;0
net;0;0;0
sho;0;0;0
enx;0;0;0
wno;0;0;1000
ngm;0;0;0
wof;0;0;0
bhc;0;0;0
xjb;0;0;0
jra;0;0;0
nzu;0;0;0
grc;0;0;0
njt;0;0;0
ggg;0;0;0
ngp;0;0;132000
chc;0;0;0
ntz;0;0;0
sie;0;0;0
tkl;0;0;3300
kbj;0;0;0
khs;0;0;0
yli;0;0;15000
raj;0;0;36000000
mii;0;0;0
mtl;0;0;0
amm;0;0;0
njm;0;0;0
sac;0;0;250
ncm;0;0;0
acb;0;0;0
sgy;0;0;0
agt;0;0;0
bcb;0;0;0
pld;0;0;0
aru;0;0;0
bth;0;0;0
zmo;0;0;0
jbn;0;0;140000
npu;0;0;0
zmh;0;0;0
bed;0;0;0
dmw;0;0;0
yat;0;0;0
shs;0;0;0
woa;0;0;0
nur;0;0;0
way;0;0;1700
xbi;0;0;0
hvk;0;0;0
gmb;0;0;0
mra;0;0;0
duo;0;0;0
dti;0;0;0
kuv;0;0;0
yej;0;0;0
kix;0;0;0
ral;0;0;0
sbt;0;0;0
awx;0;0;0
ckv;0;0;70
lkm;0;0;0
jmn;0;0;0
ugo;0;0;0
hei;0;0;90
tev;0;0;0
etu;0;0;116700
aob;0;0;0
bgf;0;0;0
lut;0;0;0
mmf;0;0;0
mky;0;0;20000
xlg;0;0;0
wau;0;0;320
mhb;0;0;0
esh;0;0;0
xkx;0;0;0
njz;0;0;230000
nxl;0;0;0
crx;0;0;1270
gea;0;0;0
nix;0;0;0
pta;0;0;0
bns;0;0;0
uha;0;0;0
gra;0;0;0
xkr;0;0;0
srx;0;0;0
ypb;0;0;0
tzx;0;0;0
tke;0;0;0
uka;0;0;0
boe;0;0;0
yki;0;0;0
bnx;0;0;0
bir;0;0;0
tjw;0;0;0
ctc;0;0;0
lbv;0;0;0
oka;0;0;0
ega;0;0;0
pom;0;0;0
tvd;0;0;0
sbx;0;0;0
obo;0;0;0
nkf;0;0;0
mha;0;0;0
yab;0;0;400
ysr;0;0;0
ykt;0;0;0
nbw;0;0;105000
ncg;0;0;610
soz;0;0;0
rsw;0;0;0
lnh;0;0;0
amg;0;0;0
too;0;0;0
ygm;0;0;0
viv;0;0;0
nbu;0;0;0
xdc;0;0;0
dwz;0;0;0
pkr;0;0;0
skf;0;0;0
brx;0;0;1482929
bmf;0;0;0
mtk;0;0;0
bax;0;0;0
keh;0;0;0
wec;0;0;0
ysg;0;0;0
ywa;0;0;0
jay;0;0;0
bno;0;0;150000
aad;0;0;0
cvg;0;0;0
smr;0;0;0
hit;0;0;0
okc;0;0;0
swy;0;0;0
hwo;0;0;0
lel;0;0;26000
aez;0;0;0
kmx;0;0;0
nfu;0;0;0
dcc;0;0;12800000
wbk;0;0;11500
skt;0;0;0
xga;0;0;0
olu;0;0;0
dnj;0;0;0
zkk;0;0;0
kow;0;0;0
bxl;0;0;0
bym;0;0;0
bpg;0;0;0
mru;0;0;0
wkb;0;0;0
arn;0;0;300000
kss;0;0;0
odu;0;0;0
xru;0;0;0
eya;0;0;0
prq;0;0;0
arv;0;0;7210
sje;0;0;50
bpd;0;0;0
bin;0;0;1600000
sok;0;0;0
mux;0;0;0
wad;0;0;0
huy;0;0;10000
plg;0;0;4000
hix;0;0;600
mxi;0;0;0
ctp;0;0;0
nsr;0;0;0
byl;0;0;0
mln;0;0;0
boo;0;0;0
bdf;0;0;0
spd;0;0;0
mgo;0;0;0
ota;0;0;0
two;0;0;0
hle;0;0;0
rac;0;0;0
kdm;0;0;0
nlu;0;0;0
sgt;0;0;0
ukh;0;0;0
lid;0;0;0
bfr;0;0;0
ikr;0;0;0
wdt;0;0;0
huc;0;0;0
ndq;0;0;0
caz;0;0;0
sdu;0;0;0
bqu;0;0;0
igg;0;0;0
kqs;0;0;0
tok;0;0;0
hib;0;0;0
chj;0;0;0
mdm;0;0;0
kxt;0;0;0
jic;0;0;500
krp;0;0;0
kcn;0;0;42000
kvt;0;0;9550
bzx;0;0;0
cga;0;0;0
kkc;0;0;0
dda;0;0;0
bow;0;0;0
mdj;0;0;0
mga;0;0;0
wlc;0;0;28700
xor;0;0;27
xmq;0;0;0
trq;0;0;0
bjl;0;0;0
bhj;0;0;0
tgo;0;0;0
sei;0;0;900
pna;0;0;0
cob;0;0;0
syc;0;0;0
cax;0;0;2400
lgu;0;0;0
mio;0;0;0
tbi;0;0;0
oui;0;0;0
jul;0;0;0
asj;0;0;0
lwl;0;0;0
ktg;0;0;0
gyr;0;0;0
bhb;0;0;3310000
kce;0;0;0
olr;0;0;0
bvp;0;0;0
ihb;0;0;0
ran;0;0;0
nla;0;0;0
xyl;0;0;0
nwo;0;0;0
bdz;0;0;3
wiy;0;0;0
bnl;0;0;0
aui;0;0;0
phl;0;0;10000
hts;0;0;800
cta;0;0;0
krf;0;0;0
avo;0;0;0
ppm;0;0;0
hal;0;0;0
sqk;0;0;3000
beb;0;0;0
kto;0;0;0
psh;0;0;0
noh;0;0;0
kva;0;0;1450
tql;0;0;0
bkg;0;0;0
mlz;0;0;0
bgx;0;0;464000
mpx;0;0;0
wul;0;0;0
sns;0;0;0
nag;0;0;30000
nll;0;0;2000
lso;0;0;0
amo;0;0;0
lkh;0;0;0
enf;0;0;10
xpx;0;0;0
ekp;0;0;0
org;0;0;0
chd;0;0;0
kdp;0;0;0
ckr;0;0;0
xwd;0;0;0
tdv;0;0;0
cdj;0;0;0
mki;0;0;150000
bkw;0;0;0
bbw;0;0;0
wsu;0;0;0
ljw;0;0;0
bge;0;0;0
avb;0;0;0
jiu;0;0;0
bhx;0;0;0
loc;0;0;0
uve;0;0;2200
sza;0;0;0
wbt;0;0;0
bvr;0;0;1070
bon;0;0;0
htu;0;0;0
nha;0;0;0
ten;0;0;0
eza;0;0;0
thy;0;0;0
tex;0;0;0
djb;0;0;0
aaq;0;0;0
top;0;0;0
bpp;0;0;0
mjn;0;0;0
ggd;0;0;0
puw;0;0;0
mgh;0;0;0
shc;0;0;0
lcq;0;0;0
kvg;0;0;0
aon;0;0;0
hss;0;0;0
ter;0;0;16000
kcc;0;0;0
gup;0;0;1702
xin;0;0;0
zmg;0;0;3
tck;0;0;0
mwf;0;0;0
xaa;0;0;0
xmr;0;0;0
scp;0;0;10000
xcr;0;0;0
ttr;0;0;0
gnz;0;0;0
sdo;0;0;0
wtf;0;0;0
gri;0;0;0
roo;0;0;4320
myc;0;0;0
ndr;0;0;0
gil;0;0;116280
gyz;0;0;0
rnp;0;0;0
sav;0;0;0
ikk;0;0;0
apv;0;0;0
mvz;0;0;195000
ddg;0;0;0
tye;0;0;0
nwe;0;0;0
lbj;0;0;14952
cds;0;0;0
mdu;0;0;0
biy;0;0;0
ani;0;0;20000
sen;0;0;0
anb;0;0;0
koo;0;0;609000
jka;0;0;0
oma;0;0;0
sdg;0;0;0
rme;0;0;0
nsh;0;0;0
maa;0;0;18900
cwa;0;0;0
djf;0;0;0
jdg;0;0;0
srf;0;0;0
erk;0;0;0
mmx;0;0;0
xnq;0;0;0
xdq;0;0;0
bss;0;0;0
niz;0;0;0
mqy;0;0;900000
mtd;0;0;0
ynk;0;0;50
byj;0;0;0
aly;0;0;0
tzm;0;0;3000000
mzg;0;0;0
mxo;0;0;0
ote;0;0;0
keb;0;0;0
ahl;0;0;0
hul;0;0;3240
bgy;0;0;0
lei;0;0;0
akm;0;0;0
wnb;0;0;0
ymm;0;0;0
waz;0;0;0
kjq;0;0;0
bzi;0;0;0
tij;0;0;0
she;0;0;0
aji;0;0;5400
lrr;0;0;0
gvm;0;0;0
xvo;0;0;0
epi;0;0;0
bzh;0;0;0
mfu;0;0;0
vel;0;0;0
sou;0;0;4500000
sbu;0;0;0
pub;0;0;0
mzx;0;0;2
dof;0;0;0
kct;0;0;0
tlo;0;0;0
wmi;0;0;0
bww;0;0;0
pnc;0;0;0
nmr;0;0;0
tdj;0;0;0
gmd;0;0;0
kfz;0;0;0
jos;0;0;0
zbu;0;0;0
cpy;0;0;0
gyd;0;0;0
rnl;0;0;0
jao;0;0;0
xhv;0;0;0
dox;0;0;19020
nbi;0;0;0
bqy;0;0;0
bjy;0;0;0
swx;0;0;140
log;0;0;0
lea;0;0;0
mvo;0;0;0
lhm;0;0;0
xmu;0;0;0
nsa;0;0;0
luz;0;0;1000000
cko;0;0;0
tca;0;0;61000
bwf;0;0;0
inp;0;0;4
tkf;0;0;0
dia;0;0;0
byt;0;0;0
afg;0;0;0
opy;0;0;0
apb;0;0;0
bsw;0;0;5480
jbe;0;0;2000
bdo;0;0;0
mxg;0;0;0
lbb;0;0;0
tml;0;0;0
blv;0;0;0
mic;0;0;8270
zwa;0;0;0
kjj;0;0;1000
alk;0;0;0
bvf;0;0;0
yka;0;0;110000
lsr;0;0;0
trc;0;0;0
vau;0;0;0
pbf;0;0;0
wuv;0;0;0
kzp;0;0;0
ogg;0;0;0
csy;0;0;0
mqb;0;0;0
tri;0;0;2100
mct;0;0;0
blb;0;0;0
stl;0;0;0
sop;0;0;0
nks;0;0;0
snj;0;0;0
vah;0;0;0
nnp;0;0;59154
snc;0;0;18000
ekr;0;0;0
dds;0;0;0
bly;0;0;0
krw;0;0;0
zro;0;0;0
yik;0;0;0
sgi;0;0;0
nyl;0;0;0
itb;0;0;0
bhm;0;0;0
bfn;0;0;0
oar;0;0;0
bid;0;0;0
pad;0;0;290
tcm;0;0;0
mxu;0;0;0
mam;0;0;0
bok;0;0;0
tyi;0;0;0
kgs;0;0;90
xml;0;0;0
ncj;0;0;0
daz;0;0;0
lem;0;0;0
kju;0;0;45
ply;0;0;0
naj;0;0;0
jal;0;0;1700
tui;0;0;0
cfm;0;0;0
ino;0;0;0
ail;0;0;0
nnz;0;0;0
sej;0;0;0
nkj;0;0;0
vkm;0;0;0
bsx;0;0;0
apt;0;0;0
srv;0;0;0
kld;0;0;0
sol;0;0;0
akc;0;0;0
pys;0;0;0
haf;0;0;0
cyb;0;0;0
wir;0;0;0
lna;0;0;0
awo;0;0;6000
lbo;0;0;28000
dbw;0;0;0
knk;0;0;0
kyn;0;0;0
rsm;0;0;0
css;0;0;0
kme;0;0;0
kgo;0;0;0
tsz;0;0;175000
xgf;0;0;0
kxz;0;0;0
gov;0;0;0
bmj;0;0;0
krk;0;0;0
afd;0;0;0
sjl;0;0;0
oym;0;0;0
ccc;0;0;2
nly;0;0;0
unn;0;0;0
mgk;0;0;0
ipo;0;0;0
ems;0;0;450
xpc;0;0;0
pex;0;0;0
smw;0;0;300000
wnk;0;0;0
gsn;0;0;0
nyt;0;0;0
xvn;0;0;0
brd;0;0;50
atd;0;0;0
wbp;0;0;2507
gwu;0;0;0
xkl;0;0;0
cup;0;0;0
bmh;0;0;0
myp;0;0;389
dob;0;0;0
gsp;0;0;0
bnz;0;0;0
ndi;0;0;0
cnk;0;0;0
jii;0;0;0
ads;0;0;0
aqr;0;0;0
mnm;0;0;0
gop;0;0;0
bpm;0;0;0
omo;0;0;0
plz;0;0;0
fod;0;0;0
mko;0;0;0
pkb;0;0;0
yaf;0;0;0
mjh;0;0;0
nbp;0;0;0
wyi;0;0;0
mum;0;0;0
six;0;0;0
iar;0;0;0
amr;0;0;500
nni;0;0;0
sqq;0;0;0
hom;0;0;0
djd;0;0;0
gai;0;0;0
smq;0;0;0
uth;0;0;50000
row;0;0;0
kot;0;0;0
snf;0;0;0
kwc;0;0;0
akb;0;0;0
yir;0;0;0
wkd;0;0;0
sbj;0;0;0
bsr;0;0;0
dtm;0;0;0
vnm;0;0;0
kbr;0;0;835000
kej;0;0;0
yot;0;0;0
kpw;0;0;0
hos;0;0;0
mfn;0;0;0
tsb;0;0;0
owi;0;0;0
dgs;0;0;0
kzy;0;0;0
zen;0;0;200
mtp;0;0;0
ksz;0;0;0
rwl;0;0;0
cth;0;0;0
shm;0;0;0
tpg;0;0;0
djj;0;0;0
aen;0;0;0
dbl;0;0;8
jun;0;0;30875
nce;0;0;600
msy;0;0;0
zla;0;0;0
sbv;0;0;0
bfp;0;0;0
noq;0;0;0
nwm;0;0;0
nqk;0;0;0
atk;0;0;0
bte;0;0;0
eli;0;0;0
nxg;0;0;60000
ank;0;0;347005
ajn;0;0;0
bjf;0;0;0
aum;0;0;0
fag;0;0;0
imo;0;0;0
xtu;0;0;0
blw;0;0;0
xks;0;0;0
itw;0;0;0
pgg;0;0;0
tbn;0;0;0
mea;0;0;0
bwe;0;0;17200
pwo;0;0;0
dtk;0;0;0
zku;0;0;0
auj;0;0;3000
oco;0;0;0
lls;0;0;0
ybe;0;0;4600
gby;0;0;0
mzv;0;0;0
hoe;0;0;0
abq;0;0;48000
mcc;0;0;0
eve;0;0;7000
xnj;0;0;0
cgg;0;0;2390000
ytp;0;0;0
nvm;0;0;0
kyf;0;0;0
ctl;0;0;0
rkh;0;0;0
dim;0;0;0
aaf;0;0;200
bxn;0;0;0
opk;0;0;0
kcz;0;0;51000
szb;0;0;0
tos;0;0;0
ptq;0;0;0
hii;0;0;0
bzs;0;0;3000000
tio;0;0;0
faa;0;0;0
gdr;0;0;0
wsk;0;0;0
tac;0;0;0
tgr;0;0;0
liz;0;0;0
kfu;0;0;0
ogb;0;0;0
nse;0;0;0
sjg;0;0;0
adx;0;0;810000
kbn;0;0;0
pyy;0;0;600
gia;0;0;169
xyy;0;0;0
oaa;0;0;47
xbn;0;0;0
nim;0;0;0
yhl;0;0;0
gye;0;0;0
wnm;0;0;0
gef;0;0;0
ukv;0;0;0
lmx;0;0;0
inl;0;0;0
sip;0;0;70000
weo;0;0;0
mrg;0;0;0
mdp;0;0;0
krr;0;0;0
kjc;0;0;0
uum;0;0;185000
aby;0;0;0
bmw;0;0;0
prx;0;0;0
tcn;0;0;0
rib;0;0;0
dez;0;0;0
hwc;0;0;700000
men;0;0;0
tcb;0;0;0
ldj;0;0;0
abg;0;0;5
keq;0;0;0
yon;0;0;0
url;0;0;0
wih;0;0;0
wnw;0;0;5
zmf;0;0;0
mjr;0;0;0
nnb;0;0;0
toy;0;0;0
kzu;0;0;0
klq;0;0;0
geb;0;0;0
eiv;0;0;0
mgy;0;0;0
luy;0;0;0
afs;0;0;200
rka;0;0;0
lng;0;0;0
osn;0;0;0
lnn;0;0;340
onp;0;0;0
pnm;0;0;0
kkd;0;0;0
hpo;0;0;0
abr;0;0;0
btt;0;0;0
fay;0;0;100000
bfi;0;0;327000
gey;0;0;0
pig;0;0;0
tjn;0;0;0
mab;0;0;0
npb;0;0;0
cnu;0;0;0
xbe;0;0;0
mvv;0;0;0
scb;0;0;4279
btr;0;0;0
yda;0;0;0
axl;0;0;0
lsd;0;0;0
soa;0;0;0
lnj;0;0;0
ypg;0;0;0
pda;0;0;0
jrb;0;0;0
pdo;0;0;0
dwr;0;0;0
ymi;0;0;0
bfy;0;0;8000000
sga;0;0;0
lbr;0;0;0
xep;0;0;0
kdu;0;0;0
ire;0;0;0
bfe;0;0;0
spr;0;0;0
haj;0;0;0
xta;0;0;0
deh;0;0;0
lum;0;0;0
lst;0;0;0
xap;0;0;0
bun;0;0;0
btg;0;0;0
xph;0;0;0
jab;0;0;0
nct;0;0;0
azg;0;0;0
tdg;0;0;0
gml;0;0;0
bwg;0;0;0
ccg;0;0;0
iti;0;0;0
csa;0;0;0
yta;0;0;0
trx;0;0;0
bza;0;0;0
tll;0;0;0
und;0;0;0
bek;0;0;0
sxb;0;0;0
syw;0;0;1500
kga;0;0;0
ahg;0;0;0
urn;0;0;0
cjp;0;0;0
prf;0;0;0
mmt;0;0;0
bcq;0;0;347000
sea;0;0;10000
vto;0;0;0
wrv;0;0;0
lhn;0;0;0
mnv;0;0;0
bju;0;0;0
mtg;0;0;0
alm;0;0;0
oyd;0;0;37000
pne;0;0;0
njs;0;0;0
tef;0;0;0
aix;0;0;0
yip;0;0;0
xzp;0;0;0
kba;0;0;0
tte;0;0;0
cly;0;0;0
csz;0;0;0
mqh;0;0;0
cih;0;0;220
mwv;0;0;0
nhx;0;0;0
smg;0;0;0
tyt;0;0;0
ylo;0;0;0
buy;0;0;0
lns;0;0;0
tdi;0;0;0
ksb;0;0;664000
nmj;0;0;0
nca;0;0;0
lbc;0;0;0
kmi;0;0;0
szs;0;0;0
xrm;0;0;0
yua;0;0;706000
goz;0;0;0
dgd;0;0;0
ylg;0;0;0
rak;0;0;0
snw;0;0;0
uro;0;0;0
whg;0;0;0
yai;0;0;12000
sth;0;0;86000
cdy;0;0;0
ktb;0;0;890000
brf;0;0;0
mgg;0;0;0
ays;0;0;0
smb;0;0;0
wuy;0;0;0
ayo;0;0;2189
koq;0;0;0
abj;0;0;0
mwh;0;0;0
ygw;0;0;0
amy;0;0;30
mvl;0;0;0
azm;0;0;0
cnc;0;0;0
sjb;0;0;0
xxm;0;0;0
sjr;0;0;0
mie;0;0;0
byb;0;0;0
mvp;0;0;0
hij;0;0;0
gbv;0;0;0
hrx;0;0;0
vgt;0;0;0
med;0;0;0
khw;0;0;290000
mll;0;0;600
dbd;0;0;70000
kbe;0;0;0
sva;0;0;15000
urx;0;0;0
njx;0;0;0
gtu;0;0;0
lse;0;0;0
eke;0;0;0
lht;0;0;0
lpx;0;0;0
kiw;0;0;0
fie;0;0;0
fli;0;0;0
sgb;0;0;0
goj;0;0;0
bti;0;0;0
arr;0;0;210
kda;0;0;0
aht;0;0;80
jjr;0;0;75000
wik;0;0;0
dir;0;0;0
syx;0;0;0
sly;0;0;0
ahr;0;0;0
lcl;0;0;11900
stw;0;0;0
omu;0;0;0
nxn;0;0;0
ebg;0;0;0
zbw;0;0;0
tnq;0;0;0
chw;0;0;0
dac;0;0;0
tsv;0;0;0
msj;0;0;0
kvu;0;0;0
sve;0;0;0
ott;0;0;0
bkr;0;0;0
ifa;0;0;0
vmb;0;0;0
rej;0;0;0
djm;0;0;0
bzr;0;0;0
sad;0;0;40000
ont;0;0;0
wax;0;0;0
ikl;0;0;0
nss;0;0;0
cnh;0;0;125000
yol;0;0;0
acl;0;0;0
can;0;0;0
biz;0;0;0
afi;0;0;0
idt;0;0;0
vas;0;0;0
aoj;0;0;0
fnb;0;0;0
agz;0;0;0
akz;0;0;100
hug;0;0;0
swt;0;0;0
ymd;0;0;0
hrz;0;0;0
adq;0;0;0
kdr;0;0;80
dmc;0;0;0
sma;0;0;600
cib;0;0;0
cst;0;0;0
xmy;0;0;0
yad;0;0;5700
yuk;0;0;0
mzu;0;0;0
shr;0;0;0
pha;0;0;0
nhv;0;0;310
kta;0;0;0
kxp;0;0;0
gdt;0;0;0
pwb;0;0;0
gbw;0;0;0
buz;0;0;0
mbd;0;0;0
tmi;0;0;0
yux;0;0;50
bhv;0;0;0
kxa;0;0;0
mou;0;0;0
jhs;0;0;0
nbn;0;0;0
bal;0;0;7600000
yxl;0;0;0
sxl;0;0;0
kbh;0;0;4000
xcw;0;0;0
and;0;0;0
xpt;0;0;0
abi;0;0;51000
ttj;0;0;0
kec;0;0;0
kpc;0;0;4000
kya;0;0;0
caj;0;0;0
mmi;0;0;0
pee;0;0;0
mmn;0;0;0
otq;0;0;0
lbn;0;0;0
uma;0;0;25
kkp;0;0;0
grx;0;0;0
cbd;0;0;10
yvt;0;0;0
bnm;0;0;0
biw;0;0;0
sdq;0;0;0
tns;0;0;0
bbn;0;0;0
nxr;0;0;0
kyw;0;0;0
coz;0;0;0
inz;0;0;0
one;0;0;55
lbs;0;0;0
bjw;0;0;0
ort;0;0;0
uga;0;0;0
xtv;0;0;0
sjn;0;0;0
abc;0;0;0
mat;0;0;0
kmo;0;0;0
mgw;0;0;0
nbd;0;0;0
bnd;0;0;2486
hlu;0;0;0
ijj;0;0;0
mfd;0;0;0
bbh;0;0;2700
tvw;0;0;0
pbm;0;0;0
dlk;0;0;2500
knw;0;0;0
fla;0;0;0
evn;0;0;27500
ywg;0;0;0
onb;0;0;0
hrc;0;0;0
oti;0;0;0
cjo;0;0;9881
bcy;0;0;0
tzo;0;0;350000
myz;0;0;0
dso;0;0;0
sxk;0;0;0
wdy;0;0;0
bry;0;0;0
yuz;0;0;0
cie;0;0;0
mrn;0;0;0
etc;0;0;0
mvk;0;0;0
kcp;0;0;0
tlf;0;0;0
kup;0;0;0
cmt;0;0;0
upi;0;0;0
cxh;0;0;0
bhd;0;0;0
aqz;0;0;0
sij;0;0;0
akp;0;0;0
ncb;0;0;0
xub;0;0;0
tju;0;0;0
bwk;0;0;0
mne;0;0;280000
ack;0;0;0
tkp;0;0;3324
hgm;0;0;0
myu;0;0;7000
dgx;0;0;0
ssn;0;0;0
qwt;0;0;0
xkn;0;0;0
vaj;0;0;5600
rnb;0;0;0
kud;0;0;1200
tpo;0;0;0
ddr;0;0;0
cuc;0;0;0
xpk;0;0;32
gin;0;0;5
rey;0;0;250
goy;0;0;0
mxd;0;0;0
lpo;0;0;0
gbk;0;0;0
bys;0;0;0
tma;0;0;0
dul;0;0;0
xbb;0;0;0
dgh;0;0;0
uji;0;0;0
zia;0;0;0
rem;0;0;0
vkl;0;0;0
jiy;0;0;0
ksw;0;0;4000000
bvy;0;0;0
asf;0;0;0
njr;0;0;0
peh;0;0;10000
amv;0;0;1347
nem;0;0;0
yaw;0;0;8
cpg;0;0;0
nui;0;0;0
xko;0;0;0
kbx;0;0;0
pbr;0;0;0
twc;0;0;0
buk;0;0;0
nay;0;0;0
add;0;0;0
sis;0;0;0
vor;0;0;0
cja;0;0;0
mqv;0;0;0
udg;0;0;0
kts;0;0;0
aog;0;0;0
mtf;0;0;0
asn;0;0;0
pze;0;0;0
bft;0;0;0
blz;0;0;30000
bnr;0;0;0
knt;0;0;700
lml;0;0;0
crc;0;0;0
tlm;0;0;0
nas;0;0;0
xak;0;0;0
kjr;0;0;0
muh;0;0;0
wet;0;0;0
bdg;0;0;0
buq;0;0;0
dhs;0;0;0
zdj;0;0;312000
jud;0;0;0
sir;0;0;3800
mub;0;0;0
kho;0;0;0
gnn;0;0;240
bxa;0;0;0
cdm;0;0;36807
sgx;0;0;0
trp;0;0;700000
kht;0;0;13000
nsx;0;0;0
knm;0;0;1650
clo;0;0;0
cot;0;0;500
mzs;0;0;50
lbi;0;0;0
tew;0;0;0
toj;0;0;0
kvp;0;0;0
ryn;0;0;10000
cty;0;0;0
pcg;0;0;0
wij;0;0;0
mfp;0;0;0
ark;0;0;0
tbg;0;0;0
ndv;0;0;0
gwf;0;0;0
ykg;0;0;40
mtj;0;0;0
ifk;0;0;0
dyn;0;0;0
pmo;0;0;0
hue;0;0;0
pnw;0;0;0
ggk;0;0;0
muy;0;0;0
ngi;0;0;80000
miy;0;0;0
pgi;0;0;0
rea;0;0;0
frd;0;0;0
pks;0;0;0
bjv;0;0;0
doq;0;0;0
ulf;0;0;0
odt;0;0;0
meb;0;0;0
nhh;0;0;0
blf;0;0;0
ufi;0;0;0
hih;0;0;0
sel;0;0;1023
bom;0;0;0
ndj;0;0;0
rei;0;0;0
rhg;0;0;1800000
sjt;0;0;350
lsy;0;0;0
kbm;0;0;0
tbt;0;0;0
pni;0;0;0
ncr;0;0;0
alr;0;0;40
skj;0;0;0
moq;0;0;0
asw;0;0;0
sta;0;0;0
zal;0;0;0
drs;0;0;980000
pbi;0;0;0
uur;0;0;0
ukp;0;0;0
sdl;0;0;0
ulu;0;0;0
rog;0;0;0
lxm;0;0;0
iyo;0;0;0
prt;0;0;0
byp;0;0;0
ikw;0;0;0
vot;0;0;62
bqb;0;0;0
umb;0;0;6000000
cjn;0;0;0
kwj;0;0;0
ltc;0;0;0
gvc;0;0;2600
tjg;0;0;0
xna;0;0;0
phw;0;0;0
kkj;0;0;0
yut;0;0;0
nkg;0;0;0
its;0;0;940000
xkg;0;0;0
ulm;0;0;0
mfy;0;0;39000
bmz;0;0;0
bdj;0;0;0
ndp;0;0;0
awr;0;0;0
lot;0;0;0
xns;0;0;1400
gmr;0;0;0
lky;0;0;0
gvj;0;0;0
ubi;0;0;0
wpc;0;0;2500
sck;0;0;7000000
cgc;0;0;30000
xrb;0;0;0
cte;0;0;0
bwx;0;0;390000
bxq;0;0;400
juu;0;0;0
nyc;0;0;0
phh;0;0;0
smm;0;0;0
mev;0;0;0
wnc;0;0;0
abu;0;0;93000
qvy;0;0;0
mej;0;0;0
bkh;0;0;0
ppo;0;0;0
lmi;0;0;0
btc;0;0;0
ruf;0;0;692000
dzn;0;0;0
bhg;0;0;0
sti;0;0;0
dhn;0;0;0
kgq;0;0;8000
haz;0;0;2221000
xkk;0;0;0
gew;0;0;0
kuh;0;0;11000
adu;0;0;0
frk;0;0;0
xeg;0;0;0
kjt;0;0;0
gbe;0;0;0
yit;0;0;0
kvy;0;0;1000
piz;0;0;0
kmq;0;0;319
xku;0;0;0
knl;0;0;0
kyg;0;0;0
nuo;0;0;20000
lhh;0;0;0
nhc;0;0;0
aek;0;0;0
geh;0;0;40000
pwg;0;0;3000
cui;0;0;2900
nho;0;0;0
tlr;0;0;0
gho;0;0;0
mer;0;0;0
mvd;0;0;0
ldm;0;0;15000
tni;0;0;20
arw;0;0;2500
nlc;0;0;0
xpo;0;0;0
orz;0;0;0
sgu;0;0;50
kay;0;0;600
van;0;0;0
dto;0;0;0
pbh;0;0;3500
gww;0;0;0
nkp;0;0;0
wtw;0;0;0
ksl;0;0;0
wbj;0;0;0
wat;0;0;0
fkv;0;0;2000
ckm;0;0;0
nzr;0;0;0
oso;0;0;0
chh;0;0;0
bnk;0;0;0
lka;0;0;0
brz;0;0;0
swp;0;0;0
raq;0;0;0
huf;0;0;0
adn;0;0;3000
moy;0;0;0
ans;0;0;0
aua;0;0;0
xvs;0;0;0
csh;0;0;0
ktu;0;0;0
pmz;0;0;0
spb;0;0;0
mrz;0;0;7000
jkm;0;0;0
usi;0;0;0
pch;0;0;0
xln;0;0;0
dyg;0;0;0
tda;0;0;26900
btq;0;0;0
ife;0;0;0
aku;0;0;0
skn;0;0;0
mor;0;0;0
twu;0;0;0
bnp;0;0;0
bdl;0;0;0
mqm;0;0;0
zhw;0;0;0
cdr;0;0;0
bsu;0;0;0
ksp;0;0;0
hrk;0;0;0
kut;0;0;100
dec;0;0;0
unx;0;0;0
kbk;0;0;0
wux;0;0;0
ata;0;0;0
njy;0;0;0
ayg;0;0;0
bzj;0;0;110000
gjn;0;0;0
mjy;0;0;0
paw;0;0;0
ari;0;0;10
sey;0;0;1200
slc;0;0;1500
bgi;0;0;0
yeu;0;0;0
ngq;0;0;0
nua;0;0;0
yau;0;0;900
iko;0;0;0
aja;0;0;0
cod;0;0;250
cya;0;0;0
mlr;0;0;0
dsl;0;0;0
msq;0;0;0
omw;0;0;0
nsi;0;0;0
unu;0;0;0
gnc;0;0;0
tof;0;0;0
csk;0;0;0
ckt;0;0;5100
bgz;0;0;0
zem;0;0;400
ass;0;0;0
glr;0;0;0
zmq;0;0;0
obm;0;0;0
puj;0;0;0
tkd;0;0;0
srk;0;0;0
bup;0;0;0
ksx;0;0;0
tbw;0;0;0
kne;0;0;0
ktl;0;0;1000
int;0;0;0
kul;0;0;0
lbq;0;0;0
gke;0;0;0
xct;0;0;0
cid;0;0;0
poh;0;0;0
apg;0;0;0
kof;0;0;0
pwr;0;0;0
mrf;0;0;0
tux;0;0;0
byh;0;0;3900
snu;0;0;0
ofo;0;0;0
taj;0;0;1180000
krd;0;0;0
rod;0;0;0
tfr;0;0;3000
dru;0;0;10500
sdp;0;0;9663
liq;0;0;64000
neh;0;0;0
tmn;0;0;0
mgq;0;0;0
isi;0;0;0
sak;0;0;0
aof;0;0;0
inn;0;0;0
bva;0;0;0
lmr;0;0;0
kfm;0;0;0
bmu;0;0;0
nfr;0;0;0
nsk;0;0;0
xrt;0;0;0
pmh;0;0;0
jng;0;0;0
onr;0;0;0
noc;0;0;0
bqw;0;0;0
mtu;0;0;0
gko;0;0;0
kkn;0;0;0
sts;0;0;0
mys;0;0;0
kji;0;0;0
kwp;0;0;0
psq;0;0;0
eky;0;0;0
lnm;0;0;0
cky;0;0;0
vay;0;0;1500
kxw;0;0;0
huk;0;0;0
phq;0;0;0
hkh;0;0;0
bnq;0;0;0
xsn;0;0;0
swb;0;0;15200
byc;0;0;0
mfl;0;0;0
jks;0;0;0
pnn;0;0;0
ttg;0;0;0
uba;0;0;0
das;0;0;0
vsv;0;0;0
sax;0;0;0
hke;0;0;0
xxb;0;0;0
gnt;0;0;0
wgg;0;0;0
xnu;0;0;0
dij;0;0;0
xnh;0;0;0
gdi;0;0;0
kdl;0;0;0
kcu;0;0;16400
bxi;0;0;0
mqc;0;0;0
hem;0;0;0
kmt;0;0;0
akr;0;0;0
bvk;0;0;0
llp;0;0;0
ldb;0;0;0
bdd;0;0;0
raa;0;0;0
hoi;0;0;0
ahi;0;0;0
afn;0;0;0
nsv;0;0;0
srm;0;0;90000
hub;0;0;8000
orx;0;0;0
rmq;0;0;60000
bio;0;0;0
mpm;0;0;0
tgs;0;0;0
ada;0;0;0
xch;0;0;0
zmz;0;0;0
wla;0;0;0
inm;0;0;0
tmb;0;0;0
klh;0;0;0
xwt;0;0;0
kzc;0;0;0
fer;0;0;0
xaq;0;0;0
sht;0;0;0
mfc;0;0;0
fun;0;0;0
jor;0;0;0
nqn;0;0;0
slx;0;0;0
scw;0;0;3000
ldq;0;0;0
kka;0;0;0
bwz;0;0;0
juo;0;0;0
kff;0;0;0
cnb;0;0;0
vme;0;0;0
abl;0;0;0
kjv;0;0;0
zns;0;0;0
bxp;0;0;0
hio;0;0;0
mpa;0;0;0
cwe;0;0;98000
krv;0;0;0
bng;0;0;0
ymq;0;0;0
atg;0;0;0
uge;0;0;0
myl;0;0;0
amt;0;0;0
xdo;0;0;0
bht;0;0;0
teh;0;0;0
ruc;0;0;0
zeg;0;0;0
agn;0;0;0
emi;0;0;0
nar;0;0;0
fal;0;0;0
weg;0;0;0
wmd;0;0;340
rmp;0;0;0
wnp;0;0;0
tpp;0;0;0
mop;0;0;0
kfa;0;0;200000
gvp;0;0;0
kxi;0;0;0
kmb;0;0;0
nnu;0;0;0
bep;0;0;0
nko;0;0;0
osc;0;0;0
mvr;0;0;0
lek;0;0;0
njb;0;0;0
kyh;0;0;12
adz;0;0;30000
ngh;0;0;3
bjh;0;0;0
ole;0;0;0
snx;0;0;0
dae;0;0;5000
gvf;0;0;0
kyl;0;0;0
lmk;0;0;0
mjb;0;0;0
nhk;0;0;0
fro;0;0;0
kyx;0;0;0
afo;0;0;0
sam;0;0;0
ctt;0;0;0
bcd;0;0;0
jen;0;0;0
tic;0;0;0
ypo;0;0;0
gdl;0;0;65000
pme;0;0;0
dgn;0;0;0
laa;0;0;0
pyx;0;0;0
nbs;0;0;0
bbk;0;0;0
hla;0;0;0
chz;0;0;0
lmp;0;0;0
tlb;0;0;27720
kps;0;0;0
osa;0;0;0
xul;0;0;0
xae;0;0;0
bci;0;0;0
cmg;0;0;0
kkw;0;0;38800
knf;0;0;0
mez;0;0;35
eee;0;0;0
nzm;0;0;0
brv;0;0;0
nog;0;0;87119
kky;0;0;780
kwi;0;0;12055
xqa;0;0;0
woo;0;0;0
omc;0;0;0
mrm;0;0;0
psm;0;0;0
crb;0;0;0
rnw;0;0;0
yei;0;0;0
oyb;0;0;0
ets;0;0;0
dmb;0;0;0
mkw;0;0;0
jrr;0;0;0
apz;0;0;2390
gld;0;0;1390
pdu;0;0;0
yiz;0;0;0
umr;0;0;0
yga;0;0;0
awg;0;0;0
psa;0;0;0
tsu;0;0;2100
kgw;0;0;0
hbo;0;0;0
duf;0;0;0
plq;0;0;0
wgi;0;0;0
nsy;0;0;3000
dnu;0;0;0
slm;0;0;35000
dne;0;0;0
sys;0;0;0
zbt;0;0;0
obt;0;0;0
wgo;0;0;0
yub;0;0;0
lgt;0;0;0
cwt;0;0;0
kri;0;0;692000
asr;0;0;0
kze;0;0;0
zrp;0;0;0
iou;0;0;0
ydg;0;0;6150
ndx;0;0;0
pmd;0;0;0
kfl;0;0;0
dux;0;0;0
ers;0;0;0
bhh;0;0;60000
mpp;0;0;0
keu;0;0;0
pdi;0;0;0
ncc;0;0;0
suo;0;0;0
rtw;0;0;0
bfg;0;0;0
mhd;0;0;0
nlg;0;0;0
sxr;0;0;10
aes;0;0;0
tjp;0;0;0
usk;0;0;0
mjv;0;0;0
bao;0;0;500
nuh;0;0;0
ues;0;0;0
mho;0;0;0
xsu;0;0;0
hca;0;0;20000
xpb;0;0;0
bvi;0;0;0
mmg;0;0;0
kxr;0;0;0
xpn;0;0;0
cbc;0;0;482
mip;0;0;0
pim;0;0;0
gde;0;0;0
clk;0;0;0
akq;0;0;0
knq;0;0;0
kdd;0;0;561
dax;0;0;0
yln;0;0;0
suj;0;0;0
xkv;0;0;0
akg;0;0;0
mmy;0;0;0
tbd;0;0;0
vap;0;0;0
byv;0;0;0
duy;0;0;0
nyg;0;0;0
xut;0;0;0
dyi;0;0;0
tcp;0;0;0
kpb;0;0;0
xnn;0;0;0
hoz;0;0;0
dno;0;0;0
erh;0;0;0
ttb;0;0;0
glc;0;0;0
mjm;0;0;0
gih;0;0;0
kai;0;0;150000
wab;0;0;0
ktm;0;0;0
tgt;0;0;0
tvt;0;0;0
vmm;0;0;2800
pur;0;0;0
tuf;0;0;0
mjc;0;0;0
nsu;0;0;0
nuw;0;0;0
kpm;0;0;0
kml;0;0;0
nib;0;0;1600
kde;0;0;1700000
tny;0;0;31600
rjg;0;0;0
lki;0;0;1500000
pcj;0;0;0
nes;0;0;0
tpt;0;0;0
spi;0;0;0
vkn;0;0;0
bld;0;0;23000
ess;0;0;1800
mit;0;0;0
mah;0;0;61000
swr;0;0;0
xoo;0;0;0
itt;0;0;0
xte;0;0;0
rzh;0;0;0
stt;0;0;0
bxs;0;0;0
lof;0;0;0
otk;0;0;0
sko;0;0;0
wxa;0;0;0
bfc;0;0;0
jnl;0;0;0
kxj;0;0;0
ypp;0;0;0
hlt;0;0;0
kzr;0;0;0
nhz;0;0;0
mom;0;0;0
tlt;0;0;0
xbm;0;0;0
mfs;0;0;0
vmh;0;0;0
mym;0;0;0
koh;0;0;0
sux;0;0;0
svk;0;0;0
boh;0;0;0
mnc;0;0;20
ikx;0;0;0
jup;0;0;1700
gii;0;0;0
kmh;0;0;0
kfq;0;0;478000
bsy;0;0;0
ysp;0;0;0
nml;0;0;0
ghe;0;0;0
mvh;0;0;0
npg;0;0;0
apw;0;0;13445
plo;0;0;0
waw;0;0;0
lre;0;0;0
sxn;0;0;0
aan;0;0;0
wba;0;0;32800
aee;0;0;0
kwt;0;0;0
mkg;0;0;0
lwo;0;0;0
squ;0;0;1
njj;0;0;0
nlz;0;0;0
sef;0;0;0
sld;0;0;0
tpe;0;0;0
kit;0;0;0
sjs;0;0;50000
siy;0;0;0
gdg;0;0;0
har;0;0;25810
btx;0;0;600000
jit;0;0;0
doo;0;0;0
xam;0;0;0
lok;0;0;0
cdf;0;0;0
tmt;0;0;0
dgl;0;0;0
kly;0;0;0
chk;0;0;51330
bhy;0;0;0
msn;0;0;0
kqg;0;0;0
buh;0;0;0
mdr;0;0;0
jus;0;0;8
phv;0;0;0
jei;0;0;0
kod;0;0;0
gcn;0;0;0
yul;0;0;0
grm;0;0;0
tdt;0;0;0
abs;0;0;0
omt;0;0;0
yre;0;0;0
shj;0;0;0
lgm;0;0;0
xlo;0;0;0
str;0;0;105
kip;0;0;0
bsp;0;0;0
ykr;0;0;0
yaq;0;0;0
brj;0;0;0
kkl;0;0;0
bkf;0;0;0
kew;0;0;0
pau;0;0;17000
mdi;0;0;0
yku;0;0;0
nkn;0;0;0
rwm;0;0;40100
cbo;0;0;0
ttw;0;0;0
kzk;0;0;0
kgt;0;0;0
nmp;0;0;0
bvv;0;0;0
mpr;0;0;910
muv;0;0;0
wni;0;0;275000
kpt;0;0;6000
erw;0;0;0
bwp;0;0;0
ssy;0;0;271180
dhv;0;0;15949
nkv;0;0;0
bdp;0;0;27000
pyn;0;0;0
knx;0;0;0
mks;0;0;0
yog;0;0;16000
kfn;0;0;0
vmr;0;0;0
gbb;0;0;0
ldg;0;0;0
bgb;0;0;0
wam;0;0;0
aqp;0;0;0
ncs;0;0;0
apk;0;0;0
dok;0;0;0
nei;0;0;0
xpf;0;0;0
bhe;0;0;0
sku;0;0;0
xth;0;0;0
kwd;0;0;0
ntm;0;0;0
ato;0;0;0
bas;0;0;230000
czn;0;0;0
qya;0;0;0
mwq;0;0;0
lje;0;0;0
tvo;0;0;0
loz;0;0;600000
sbz;0;0;0
ssl;0;0;0
enq;0;0;230000
nmu;0;0;0
knu;0;0;0
bji;0;0;70100
lee;0;0;0
khn;0;0;1500000
blr;0;0;0
fos;0;0;0
bbp;0;0;0
bjk;0;0;0
cms;0;0;0
ohu;0;0;0
etn;0;0;0
lll;0;0;0
agh;0;0;0
sbk;0;0;0
tmf;0;0;0
mkp;0;0;0
suz;0;0;0
mkf;0;0;30000
tcu;0;0;0
osp;0;0;0
uri;0;0;0
baa;0;0;7070
ukg;0;0;170
duv;0;0;0
ure;0;0;200
lom;0;0;0
mwa;0;0;0
cuw;0;0;0
sbp;0;0;0
dzg;0;0;0
lsb;0;0;0
lio;0;0;11
kuk;0;0;10600
tsd;0;0;2000
ktt;0;0;0
mnb;0;0;300000
tpk;0;0;0
msf;0;0;0
csf;0;0;0
xir;0;0;0
nyv;0;0;0
tbm;0;0;0
twt;0;0;0
ngd;0;0;0
mqa;0;0;0
dtu;0;0;0
gvs;0;0;0
juw;0;0;0
dio;0;0;0
ggw;0;0;0
muu;0;0;0
imn;0;0;0
bme;0;0;0
mbs;0;0;0
bzb;0;0;0
mkv;0;0;0
azn;0;0;0
cbb;0;0;270
wtk;0;0;0
maf;0;0;0
mwp;0;0;0
rub;0;0;0
www;0;0;0
ymr;0;0;0
waq;0;0;0
zim;0;0;0
krx;0;0;0
pkh;0;0;0
xcc;0;0;0
nyi;0;0;0
nbq;0;0;0
xsh;0;0;0
fni;0;0;0
ctz;0;0;300
dun;0;0;20000
cht;0;0;0
mmw;0;0;0
hka;0;0;0
mzd;0;0;0
pri;0;0;0
tif;0;0;0
jas;0;0;84308740
mqe;0;0;0
tjm;0;0;0
xto;0;0;0
pru;0;0;0
amp;0;0;1500
atm;0;0;0
juh;0;0;0
maq;0;0;0
hoh;0;0;0
dkg;0;0;0
lga;0;0;0
ymh;0;0;0
uam;0;0;0
yok;0;0;0
loe;0;0;0
mmp;0;0;220
abn;0;0;0
ama;0;0;0
bjc;0;0;0
nrp;0;0;0
ify;0;0;0
nmb;0;0;0
kpo;0;0;0
duk;0;0;0
isd;0;0;0
tou;0;0;0
bdc;0;0;5000
wnn;0;0;0
xoi;0;0;0
nev;0;0;0
wut;0;0;900
kgk;0;0;0
kci;0;0;0
sdz;0;0;0
wga;0;0;0
ymg;0;0;0
giz;0;0;0
ybi;0;0;0
kbz;0;0;0
sep;0;0;0
nrk;0;0;0
mba;0;0;30000
nql;0;0;0
fax;0;0;11000
gly;0;0;0
xmt;0;0;0
ebo;0;0;0
nzb;0;0;0
ymk;0;0;119700
dja;0;0;0
kzq;0;0;0
kzv;0;0;0
lia;0;0;0
egy;0;0;0
bqn;0;0;37000
brr;0;0;0
ora;0;0;0
tsr;0;0;0
byq;0;0;0
fuy;0;0;0
bms;0;0;0
acf;0;0;0
ggt;0;0;0
ymo;0;0;0
dva;0;0;0
kdn;0;0;157000
vra;0;0;0
sse;0;0;0
ptv;0;0;0
syb;0;0;0
vrs;0;0;0
emg;0;0;0
pmi;0;0;0
cbs;0;0;1200
bqp;0;0;0
tci;0;0;0
wac;0;0;0
kjy;0;0;0
yig;0;0;0
fit;0;0;150000
mey;0;0;3763900
suv;0;0;0
xpq;0;0;0
ldk;0;0;0
xbo;0;0;0
lib;0;0;0
vjk;0;0;0
stk;0;0;0
ulw;0;0;0
vmk;0;0;0
bzd;0;0;0
dma;0;0;0
llq;0;0;0
krh;0;0;0
pop;0;0;0
tve;0;0;0
lvu;0;0;0
tpr;0;0;0
mih;0;0;0
cad;0;0;0
krb;0;0;0
cra;0;0;0
yix;0;0;0
pox;0;0;0
zib;0;0;280000
dis;0;0;0
mcm;0;0;2200
mrk;0;0;0
ncz;0;0;0
njo;0;0;261000
msv;0;0;0
aio;0;0;0
box;0;0;0
maj;0;0;0
wuh;0;0;4000
nec;0;0;0
bwi;0;0;0
wbl;0;0;30000
mes;0;0;0
zga;0;0;0
mak;0;0;1600000
lya;0;0;0
but;0;0;0
kmz;0;0;886000
vmj;0;0;0
vmx;0;0;0
nif;0;0;0
bof;0;0;0
xom;0;0;18530
cbg;0;0;0
ytl;0;0;0
tan;0;0;130000
gwi;0;0;670
mib;0;0;0
ood;0;0;15000
aqn;0;0;0
onj;0;0;0
sua;0;0;0
nug;0;0;0
dbn;0;0;0
eaa;0;0;0
nit;0;0;0
wha;0;0;0
anf;0;0;0
kpj;0;0;0
kjn;0;0;0
mbo;0;0;70000
rnd;0;0;0
gir;0;0;0
ayt;0;0;0
cpi;0;0;0
ash;0;0;0
msm;0;0;0
coh;0;0;0
mwr;0;0;14000000
nhg;0;0;3500
mml;0;0;0
hre;0;0;0
mhu;0;0;0
tcc;0;0;0
opm;0;0;8000
qua;0;0;0
nae;0;0;0
ylm;0;0;0
okg;0;0;0
bmk;0;0;0
rax;0;0;0
lgk;0;0;0
hhy;0;0;0
fuu;0;0;0
keg;0;0;0
ish;0;0;300000
tcs;0;0;7800
cmr;0;0;0
sut;0;0;0
unz;0;0;0
mxp;0;0;0
wbi;0;0;0
isg;0;0;0
tlx;0;0;0
mmc;0;0;0
snv;0;0;0
kaj;0;0;0
fau;0;0;0
crw;0;0;0
onu;0;0;0
myh;0;0;0
ciy;0;0;0
lab;0;0;0
kcb;0;0;0
ghh;0;0;0
miw;0;0;0
ivb;0;0;0
nhu;0;0;0
atv;0;0;0
nge;0;0;0
bxb;0;0;0
bmi;0;0;44800
gaf;0;0;0
lhi;0;0;0
kih;0;0;0
soj;0;0;0
byg;0;0;0
jko;0;0;0
kla;0;0;0
ong;0;0;0
cak;0;0;500000
bum;0;0;0
ihi;0;0;0
oum;0;0;0
bsi;0;0;0
elm;0;0;0
sbh;0;0;0
utr;0;0;0
dbr;0;0;0
uks;0;0;0
mpd;0;0;0
djo;0;0;0
bav;0;0;0
wur;0;0;0
kuf;0;0;0
jeh;0;0;0
lfa;0;0;0
ysd;0;0;0
teu;0;0;50
kmw;0;0;0
seo;0;0;0
tyz;0;0;1500000
cbi;0;0;10000
zmc;0;0;0
zun;0;0;9650
cab;0;0;190000
apf;0;0;0
ilm;0;0;0
ywr;0;0;30
jeu;0;0;0
omy;0;0;0
tov;0;0;0
agy;0;0;0
lni;0;0;0
nsz;0;0;0
uru;0;0;0
tik;0;0;0
win;0;0;0
cby;0;0;150
hrp;0;0;0
mbr;0;0;831
mhc;0;0;0
nng;0;0;0
cut;0;0;0
kru;0;0;2000000
mpj;0;0;0
sos;0;0;0
ytw;0;0;0
kks;0;0;0
rxw;0;0;0
twh;0;0;280000
tth;0;0;0
bfu;0;0;0
mxa;0;0;0
moe;0;0;11000
tuj;0;0;0
xsb;0;0;70000
mbz;0;0;0
nod;0;0;6029500
gdc;0;0;0
noi;0;0;0
ukw;0;0;0
ynl;0;0;0
lwa;0;0;0
cro;0;0;3000
xwo;0;0;0
woe;0;0;0
hud;0;0;0
lov;0;0;0
seh;0;0;0
qum;0;0;0
dyd;0;0;0
tyu;0;0;0
qxs;0;0;0
ura;0;0;0
yyr;0;0;0
mqn;0;0;0
aqm;0;0;0
iks;0;0;0
mcd;0;0;0
mep;0;0;156
sha;0;0;0
ybh;0;0;0
wsa;0;0;0
ski;0;0;175000
bzl;0;0;0
gyn;0;0;700000
gof;0;0;0
tqr;0;0;0
sao;0;0;0
xon;0;0;0
nrc;0;0;0
haa;0;0;19
zna;0;0;0
mpu;0;0;0
dif;0;0;0
jbr;0;0;0
gyb;0;0;0
akh;0;0;0
brp;0;0;0
mpl;0;0;0
git;0;0;930
rri;0;0;0
leo;0;0;0
sll;0;0;0
xkd;0;0;0
lwh;0;0;0
dbt;0;0;0
yww;0;0;0
xwl;0;0;0
ccr;0;0;0
zil;0;0;0
wyy;0;0;0
srw;0;0;1013
gnb;0;0;0
rah;0;0;0
nac;0;0;6200
gow;0;0;0
dws;0;0;0
bdu;0;0;0
law;0;0;0
lus;0;0;500000
csr;0;0;0
nmn;0;0;4200
ybx;0;0;0
bri;0;0;32000
pho;0;0;0
ror;0;0;4000
cli;0;0;0
leu;0;0;0
sge;0;0;0
xno;0;0;0
mlh;0;0;0
pcl;0;0;0
ich;0;0;0
mbn;0;0;513
lub;0;0;0
mjd;0;0;0
sfe;0;0;0
nxo;0;0;0
nsm;0;0;0
vnp;0;0;0
urt;0;0;0
rwo;0;0;0
rma;0;0;0
kte;0;0;3776
kuw;0;0;0
ndt;0;0;0
kws;0;0;0
nga;0;0;0
dts;0;0;0
roc;0;0;0
paz;0;0;0
kiv;0;0;0
lej;0;0;0
tkx;0;0;0
byd;0;0;0
sls;0;0;0
kmn;0;0;0
moh;0;0;3500
gaw;0;0;0
llf;0;0;0
tgj;0;0;0
crg;0;0;730
sqs;0;0;12800
leb;0;0;580000
nnd;0;0;0
nch;0;0;0
ala;0;0;0
gum;0;0;20782
zkg;0;0;0
pka;0;0;0
glo;0;0;0
ren;0;0;0
bwo;0;0;0
blh;0;0;0
tez;0;0;2000
arc;0;0;0
ewo;0;0;578000
hot;0;0;0
btd;0;0;0
wib;0;0;0
dgw;0;0;0
ena;0;0;0
phm;0;0;0
lgz;0;0;0
aci;0;0;0
xet;0;0;0
tit;0;0;1
cof;0;0;2300
jms;0;0;0
mdy;0;0;94700
faf;0;0;0
scf;0;0;0
avn;0;0;0
lay;0;0;0
ore;0;0;70
vav;0;0;600000
kop;0;0;0
tuz;0;0;0
tyl;0;0;0
nnk;0;0;0
fgr;0;0;0
pma;0;0;0
yko;0;0;0
mfq;0;0;0
nzi;0;0;0
ant;0;0;0
bvt;0;0;0
tfo;0;0;0
akt;0;0;0
lme;0;0;0
lud;0;0;3000
pmt;0;0;15000
ojv;0;0;0
tqq;0;0;0
ksy;0;0;0
bap;0;0;0
sgz;0;0;0
ydk;0;0;0
mch;0;0;6000
ylr;0;0;0
msz;0;0;0
tyj;0;0;0
the;0;0;0
etb;0;0;0
ksd;0;0;100000
mzw;0;0;0
mbq;0;0;2600
ghs;0;0;0
mkq;0;0;0
gdh;0;0;0
lbz;0;0;0
odk;0;0;0
moa;0;0;0
kbg;0;0;0
jah;0;0;0
ycp;0;0;0
xcv;0;0;0
snq;0;0;0
avv;0;0;0
gvl;0;0;0
yba;0;0;200000
bwq;0;0;0
kcl;0;0;0
ksq;0;0;0
ije;0;0;0
eip;0;0;0
aws;0;0;0
lji;0;0;0
puo;0;0;0
kcj;0;0;0
plb;0;0;0
ifu;0;0;0
azd;0;0;0
cuk;0;0;0
ppu;0;0;0
spq;0;0;0
hba;0;0;0
llm;0;0;0
xed;0;0;0
xjt;0;0;0
ssu;0;0;0
lli;0;0;0
xug;0;0;5000
kgr;0;0;3000
vun;0;0;0
slt;0;0;0
klr;0;0;15000
syo;0;0;0
bga;0;0;0
hhi;0;0;0
sgm;0;0;0
afh;0;0;0
xls;0;0;0
sxs;0;0;0
dna;0;0;0
kft;0;0;91000
ymn;0;0;0
ray;0;0;0
yal;0;0;0
car;0;0;10000
zkn;0;0;0
zkp;0;0;0
kdq;0;0;0
mpo;0;0;0
agc;0;0;0
gwb;0;0;0
kub;0;0;0
bbu;0;0;0
lwt;0;0;6000
jaq;0;0;0
wav;0;0;0
pif;0;0;0
vaf;0;0;0
mgn;0;0;2750
lcm;0;0;12000
bzu;0;0;0
rjs;0;0;0
jct;0;0;785
chg;0;0;0
mbp;0;0;1850
mte;0;0;2940
rkt;0;0;0
xcu;0;0;0
ude;0;0;103
myr;0;0;0
sev;0;0;0
tbr;0;0;0
diz;0;0;0
mvg;0;0;0
pgs;0;0;0
thq;0;0;0
tdo;0;0;0
mzt;0;0;0
doc;0;0;0
bxe;0;0;0
xmd;0;0;0
xpu;0;0;0
idu;0;0;0
nhn;0;0;40000
xiv;0;0;0
aky;0;0;0
clt;0;0;0
tgw;0;0;0
gzi;0;0;7030
lan;0;0;0
khe;0;0;0
sps;0;0;0
dmr;0;0;400
bqo;0;0;0
erg;0;0;0
uiv;0;0;0
ksm;0;0;0
xsa;0;0;0
mge;0;0;0
jml;0;0;0
awn;0;0;490000
fak;0;0;0
xaw;0;0;0
isu;0;0;0
lma;0;0;0
ndg;0;0;0
vmw;0;0;7430000
bgg;0;0;0
mxs;0;0;0
aic;0;0;0
wnd;0;0;0
xcl;0;0;0
pmr;0;0;0
mti;0;0;0
kbw;0;0;0
zsl;0;0;0
lnu;0;0;0
bvx;0;0;0
nxk;0;0;0
diu;0;0;0
una;0;0;0
ske;0;0;0
tpz;0;0;0
lal;0;0;0
gbu;0;0;0
otz;0;0;0
aty;0;0;0
mis;0;0;0
sss;0;0;0
bpq;0;0;0
cux;0;0;0
bmd;0;0;0
xop;0;0;0
bma;0;0;0
twm;0;0;0
kms;0;0;0
wlk;0;0;0
spt;0;0;0
hya;0;0;0
bll;0;0;0
kdh;0;0;0
sds;0;0;0
mwn;0;0;0
kis;0;0;220
kwo;0;0;0
bku;0;0;0
byk;0;0;80000
auw;0;0;350
khr;0;0;0
yum;0;0;0
soh;0;0;0
jil;0;0;0
dkx;0;0;0
ona;0;0;0
mij;0;0;0
kea;0;0;871000
wbm;0;0;0
ttd;0;0;0
boy;0;0;0
glb;0;0;0
sde;0;0;0
bse;0;0;0
miu;0;0;0
bwy;0;0;0
xmx;0;0;0
gmh;0;0;0
pdt;0;0;261000
ttv;0;0;0
bpj;0;0;0
oht;0;0;0
wed;0;0;0
tra;0;0;0
nnq;0;0;0
ppe;0;0;0
ykn;0;0;0
wci;0;0;0
faz;0;0;0
nmm;0;0;0
rkm;0;0;0
hna;0;0;0
zne;0;0;0
sar;0;0;0
otn;0;0;0
krn;0;0;0
kql;0;0;0
cam;0;0;0
osi;0;0;300000
sdx;0;0;0
amj;0;0;0
ggu;0;0;0
mgl;0;0;0
itk;0;0;200
gac;0;0;0
boj;0;0;0
lih;0;0;0
jek;0;0;0
mbf;0;0;12000
gol;0;0;0
xgw;0;0;0
nyy;0;0;0
bbo;0;0;0
arh;0;0;0
yin;0;0;0
nyr;0;0;0
kra;0;0;0
gbi;0;0;0
yer;0;0;0
yaa;0;0;2729
omb;0;0;0
swk;0;0;0
sug;0;0;0
ugb;0;0;0
kem;0;0;0
tpm;0;0;0
ima;0;0;0
hux;0;0;100
xpd;0;0;0
apj;0;0;0
bes;0;0;0
nuq;0;0;0
lcc;0;0;0
tbp;0;0;140
xka;0;0;6000
yis;0;0;0
gza;0;0;0
dlm;0;0;0
gwa;0;0;0
pmn;0;0;30
ssg;0;0;0
bxz;0;0;0
hoc;0;0;1500000
acz;0;0;0
vkz;0;0;0
phd;0;0;0
xum;0;0;0
fan;0;0;858000
bzy;0;0;65000
xny;0;0;0
sjm;0;0;0
kuj;0;0;0
rxd;0;0;0
yby;0;0;0
awb;0;0;0
has;0;0;0
nba;0;0;0
wka;0;0;0
pxm;0;0;0
sky;0;0;0
opo;0;0;0
ddj;0;0;0
umn;0;0;0
wrr;0;0;0
cfa;0;0;25000
sry;0;0;0
yuj;0;0;0
xma;0;0;23000
grq;0;0;0
ltu;0;0;0
atc;0;0;0
fss;0;0;0
itx;0;0;0
pnr;0;0;0
sig;0;0;0
tcd;0;0;0
bgc;0;0;14000000
mpq;0;0;320
kqk;0;0;0
myg;0;0;0
mzq;0;0;0
zml;0;0;0
zah;0;0;0
hmf;0;0;0
leh;0;0;156000
tgn;0;0;0
dei;0;0;0
bfb;0;0;0
lln;0;0;0
eki;0;0;0
caq;0;0;37000
ngc;0;0;0
kfk;0;0;0
nqm;0;0;0
wmh;0;0;0
bbt;0;0;12000
xas;0;0;0
not;0;0;6500
xkw;0;0;0
tbl;0;0;95000
mka;0;0;0
mbh;0;0;0
trl;0;0;0
otb;0;0;0
bty;0;0;0
mhq;0;0;0
pym;0;0;0
zmr;0;0;15
bix;0;0;0
bpe;0;0;0
ait;0;0;0
tdy;0;0;0
slr;0;0;70000
miq;0;0;180000
uar;0;0;0
xvi;0;0;0
saq;0;0;0
plc;0;0;0
bgt;0;0;0
cuh;0;0;0
tmy;0;0;0
mcl;0;0;0
swo;0;0;0
hne;0;0;16300000
old;0;0;0
grr;0;0;91000
pok;0;0;0
pua;0;0;140000
iqu;0;0;35
bmp;0;0;0
pow;0;0;0
gqa;0;0;0
sjp;0;0;0
tcg;0;0;0
sym;0;0;0
pwm;0;0;0
mil;0;0;0
mzz;0;0;0
moc;0;0;3000
tuc;0;0;0
ibb;0;0;0
yzk;0;0;0
pby;0;0;100
kvv;0;0;2750
apm;0;0;0
ibu;0;0;35
nak;0;0;0
kdz;0;0;0
bvn;0;0;0
mia;0;0;0
zmm;0;0;15
kwl;0;0;0
cda;0;0;0
tza;0;0;278000
saa;0;0;0
mqi;0;0;0
gym;0;0;0
ecs;0;0;0
acp;0;0;0
txx;0;0;0
iru;0;0;0
csq;0;0;13000
acr;0;0;0
otd;0;0;0
clu;0;0;0
mxv;0;0;0
bhi;0;0;0
pfe;0;0;0
lex;0;0;0
fiw;0;0;0
pbc;0;0;0
bah;0;0;0
kfo;0;0;0
nlq;0;0;0
auc;0;0;1650
plu;0;0;0
mbm;0;0;0
iya;0;0;0
ury;0;0;0
bqf;0;0;0
ask;0;0;40000
shv;0;0;0
tgf;0;0;0
yme;0;0;0
bmg;0;0;0
cng;0;0;0
ktf;0;0;0
mgm;0;0;130000
dnd;0;0;0
dhl;0;0;0
wne;0;0;0
kdj;0;0;0
atr;0;0;0
swl;0;0;8000
gdu;0;0;0
dmu;0;0;0
kfd;0;0;0
tyy;0;0;0
aki;0;0;0
abf;0;0;0
mik;0;0;190
arx;0;0;0
nph;0;0;0
xcm;0;0;0
hks;0;0;0
bye;0;0;0
bbe;0;0;0
irx;0;0;1570
kbi;0;0;0
blc;0;0;0
ibr;0;0;0
pnh;0;0;1500
mpe;0;0;18500
swu;0;0;0
tpc;0;0;0
llu;0;0;0
kyz;0;0;0
hve;0;0;0
xpw;0;0;0
bou;0;0;0
goo;0;0;690
skh;0;0;0
xwa;0;0;54
klt;0;0;0
lhu;0;0;450000
ckn;0;0;0
xnm;0;0;0
jkp;0;0;0
obl;0;0;0
ilg;0;0;0
owl;0;0;0
mke;0;0;0
tww;0;0;0
gqi;0;0;0
aaa;0;0;9000
coq;0;0;0
otl;0;0;0
msw;0;0;0
bfq;0;0;245000
gdm;0;0;749
kaf;0;0;0
wrb;0;0;0
bnj;0;0;0
yrm;0;0;0
awy;0;0;0
asb;0;0;0
dop;0;0;0
ako;0;0;0
asq;0;0;0
dsk;0;0;0
nhf;0;0;0
zay;0;0;0
sxg;0;0;0
frt;0;0;0
snl;0;0;0
koz;0;0;0
mwo;0;0;0
iry;0;0;0
lgh;0;0;0
noe;0;0;1500000
aif;0;0;0
siw;0;0;0
lzn;0;0;0
mdk;0;0;0
efi;0;0;2693000
csx;0;0;0
szv;0;0;0
xud;0;0;0
lvl;0;0;0
cub;0;0;6300
xmp;0;0;0
yde;0;0;0
xer;0;0;0
dhw;0;0;0
sgk;0;0;0
dre;0;0;0
kwk;0;0;500
bgr;0;0;0
uku;0;0;0
hik;0;0;0
tbj;0;0;0
csd;0;0;0
mek;0;0;19000
enw;0;0;0
wdg;0;0;0
mnn;0;0;0
kee;0;0;6680
bvo;0;0;0
aak;0;0;0
ing;0;0;40
anw;0;0;0
ald;0;0;0
zaj;0;0;0
mzk;0;0;0
awu;0;0;0
fir;0;0;0
doi;0;0;0
fcs;0;0;0
fln;0;0;0
wmm;0;0;0
xlp;0;0;0
kna;0;0;20000
ghn;0;0;0
gxx;0;0;0
alu;0;0;18000
mfj;0;0;0
mnu;0;0;0
phg;0;0;0
yur;0;0;0
kii;0;0;0
zrs;0;0;0
kys;0;0;0
elo;0;0;0
nxi;0;0;0
ukl;0;0;0
asa;0;0;500000
mfo;0;0;0
agq;0;0;0
csm;0;0;12
mre;0;0;0
lgg;0;0;0
auh;0;0;95200
nli;0;0;0
nea;0;0;5000
bgu;0;0;0
pwa;0;0;0
myf;0;0;0
ssp;0;0;0
kqn;0;0;0
ogu;0;0;0
buu;0;0;0
ojp;0;0;0
emw;0;0;0
cnt;0;0;0
ghk;0;0;0
mye;0;0;0
dnt;0;0;0
huh;0;0;0
jbi;0;0;0
tkz;0;0;0
cbn;0;0;1500
env;0;0;0
luc;0;0;0
dal;0;0;400
wog;0;0;0
mna;0;0;0
drc;0;0;0
sqx;0;0;0
pgz;0;0;0
sbc;0;0;0
xbw;0;0;0
nmy;0;0;5000
nkb;0;0;0
cea;0;0;0
gmz;0;0;0
nny;0;0;0
ksg;0;0;0
ble;0;0;0
muc;0;0;0
dau;0;0;0
gis;0;0;0
urf;0;0;0
mpk;0;0;0
kym;0;0;0
yan;0;0;0
weu;0;0;0
bsg;0;0;7030
ntj;0;0;0
ado;0;0;0
aun;0;0;0
con;0;0;1700
sed;0;0;0
udj;0;0;0
bwj;0;0;0
bbi;0;0;0
rtc;0;0;0
shz;0;0;0
suq;0;0;0
spg;0;0;0
xrd;0;0;0
kgy;0;0;0
mav;0;0;9200
ysl;0;0;0
kax;0;0;0
mlx;0;0;0
wdd;0;0;0
mrw;0;0;780000
mwu;0;0;0
ykh;0;0;0
kes;0;0;0
wrg;0;0;0
laf;0;0;0
buv;0;0;0
bts;0;0;0
lpe;0;0;0
luv;0;0;0
umc;0;0;0
kjp;0;0;0
aub;0;0;0
mmz;0;0;0
omp;0;0;0
cry;0;0;0
okh;0;0;0
ptp;0;0;0
pae;0;0;0
pbg;0;0;0
dov;0;0;5430
smf;0;0;0
lis;0;0;0
mnz;0;0;30000
aug;0;0;0
ksu;0;0;0
don;0;0;0
ngx;0;0;0
zmt;0;0;30
umm;0;0;0
aye;0;0;0
cim;0;0;400
aqk;0;0;0
jcs;0;0;0
orh;0;0;1200
guq;0;0;0
rar;0;0;17500
jle;0;0;0
mkt;0;0;0
mzc;0;0;0
drn;0;0;800
pfa;0;0;0
mbt;0;0;50000
ids;0;0;0
bps;0;0;0
cek;0;0;0
bsk;0;0;0
non;0;0;0
xeb;0;0;0
aeq;0;0;0
lkc;0;0;0
vgr;0;0;10000
tst;0;0;0
zba;0;0;0
gbf;0;0;0
wum;0;0;0
kzi;0;0;0
ono;0;0;40
txg;0;0;0
tnd;0;0;0
klv;0;0;0
tol;0;0;0
agr;0;0;56584
cuq;0;0;0
mfg;0;0;0
emm;0;0;0
egm;0;0;0
won;0;0;0
anl;0;0;0
sxw;0;0;0
tld;0;0;0
ksj;0;0;0
goh;0;0;0
zuy;0;0;0
vkj;0;0;0
kch;0;0;0
gwc;0;0;0
bkj;0;0;0
mpt;0;0;0
amb;0;0;0
lsi;0;0;30000
toq;0;0;0
xnb;0;0;4
bdb;0;0;0
raz;0;0;0
spu;0;0;0
llc;0;0;0
tpf;0;0;0
ywu;0;0;0
twr;0;0;0
ypm;0;0;0
soo;0;0;0
llj;0;0;0
vil;0;0;0
usu;0;0;0
trs;0;0;0
wlh;0;0;0
saz;0;0;300000
xuj;0;0;0
ake;0;0;0
lgs;0;0;0
rad;0;0;0
slf;0;0;0
mgi;0;0;0
trw;0;0;0
tto;0;0;0
bsj;0;0;6000
kni;0;0;0
ndk;0;0;0
nke;0;0;0
bvb;0;0;20000
jvd;0;0;0
bpz;0;0;0
psy;0;0;0
bef;0;0;0
jma;0;0;0
nsf;0;0;0
pnd;0;0;0
ktp;0;0;0
btp;0;0;0
oog;0;0;0
wom;0;0;0
ajs;0;0;0
toh;0;0;0
yml;0;0;0
drl;0;0;110
llh;0;0;0
nyx;0;0;0
uya;0;0;0
efe;0;0;0
pca;0;0;0
ofs;0;0;0
kfj;0;0;0
lsv;0;0;0
okz;0;0;0
ikh;0;0;0
yyu;0;0;0
khf;0;0;0
ese;0;0;700
cho;0;0;9200
jpa;0;0;0
mbj;0;0;370
kyq;0;0;0
tin;0;0;6693
tlk;0;0;0
xpp;0;0;0
nlo;0;0;0
tga;0;0;0
bog;0;0;0
csj;0;0;0
mnd;0;0;0
xtg;0;0;0
agg;0;0;0
shl;0;0;0
kpl;0;0;0
nkh;0;0;0
ilp;0;0;0
yel;0;0;0
twy;0;0;0
bwb;0;0;0
txe;0;0;0
diy;0;0;0
ele;0;0;0
vid;0;0;9000
sre;0;0;0
qxq;0;0;995000
kqj;0;0;0
gss;0;0;0
muk;0;0;0
gcd;0;0;0
pzh;0;0;0
xmb;0;0;0
bkt;0;0;0
ero;0;0;0
adr;0;0;98000
mod;0;0;0
api;0;0;0
lsl;0;0;0
ttu;0;0;0
lzl;0;0;0
ksi;0;0;0
nez;0;0;100
rit;0;0;0
pns;0;0;0
kyr;0;0;0
pai;0;0;0
ttf;0;0;0
wnu;0;0;0
cks;0;0;0
srh;0;0;16000
ssz;0;0;0
afe;0;0;0
twg;0;0;0
gbm;0;0;3000000
wyr;0;0;0
wma;0;0;0
zmv;0;0;0
blj;0;0;0
sqt;0;0;0
msu;0;0;0
ndb;0;0;0
gon;0;0;2984453
aaw;0;0;0
kyv;0;0;0
tmu;0;0;0
tnz;0;0;0
ken;0;0;0
slz;0;0;0
agl;0;0;0
nkt;0;0;0
cji;0;0;500
rms;0;0;0
gao;0;0;0
pgu;0;0;0
mta;0;0;0
ntp;0;0;0
aeu;0;0;0
xpy;0;0;0
ngv;0;0;0
trb;0;0;0
cno;0;0;0
ncx;0;0;0
xun;0;0;0
nuk;0;0;0
hav;0;0;0
jls;0;0;0
pmx;0;0;0
nus;0;0;900000
awm;0;0;0
dgk;0;0;0
kqo;0;0;0
giy;0;0;2
les;0;0;0
tcq;0;0;0
kyi;0;0;0
pac;0;0;0
azt;0;0;0
rbp;0;0;0
skx;0;0;0
esl;0;0;0
kwe;0;0;0
guu;0;0;16200
npl;0;0;0
zsa;0;0;600
tbu;0;0;0
ley;0;0;0
ttk;0;0;0
okv;0;0;0
mro;0;0;0
djr;0;0;2766
mxy;0;0;0
lsa;0;0;0
kpa;0;0;0
izh;0;0;120
poe;0;0;0
swm;0;0;0
ngl;0;0;0
reb;0;0;5000
vin;0;0;0
zme;0;0;0
smu;0;0;0
pti;0;0;0
kuc;0;0;0
vkp;0;0;0
dad;0;0;0
xil;0;0;0
dig;0;0;0
giu;0;0;0
ksk;0;0;0
kfi;0;0;0
lax;0;0;0
mrv;0;0;0
sbo;0;0;0
cnw;0;0;0
tiy;0;0;50000
kqi;0;0;0
gad;0;0;0
ncu;0;0;0
ljp;0;0;0
beq;0;0;0
sya;0;0;0
hbb;0;0;0
mcj;0;0;0
dmd;0;0;0
kjb;0;0;0
bpi;0;0;0
szc;0;0;0
yox;0;0;0
gwd;0;0;69000
had;0;0;0
dev;0;0;0
mli;0;0;0
kio;0;0;20
zbc;0;0;0
nki;0;0;0
tnc;0;0;300
tag;0;0;0
mmk;0;0;0
msl;0;0;0
byo;0;0;0
ago;0;0;0
kst;0;0;0
atb;0;0;80000
hns;0;0;165000
ysn;0;0;0
oyy;0;0;0
lec;0;0;0
vbb;0;0;0
nci;0;0;0
sni;0;0;0
eto;0;0;250000
txj;0;0;0
boz;0;0;0
axx;0;0;0
skq;0;0;0
pip;0;0;25000
yey;0;0;24000
aap;0;0;340
gev;0;0;0
xdm;0;0;0
dym;0;0;0
xty;0;0;0
xtb;0;0;0
hup;0;0;8
xmc;0;0;0
beg;0;0;0
zyp;0;0;0
ttp;0;0;0
kvw;0;0;0
quc;0;0;2000000
wls;0;0;0
jbt;0;0;0
xti;0;0;0
lnd;0;0;0
otx;0;0;0
gcl;0;0;0
apy;0;0;650
bjr;0;0;0
mwm;0;0;0
ayz;0;0;0
dih;0;0;0
pnx;0;0;0
mnx;0;0;0
orv;0;0;0
chl;0;0;6
oku;0;0;0
thk;0;0;176000
bhu;0;0;0
dbg;0;0;0
mry;0;0;0
ogc;0;0;0
pml;0;0;0
nut;0;0;850000
mut;0;0;0
tch;0;0;0
nkw;0;0;0
ndh;0;0;0
xwj;0;0;0
htx;0;0;0
nlw;0;0;0
sln;0;0;0
yrb;0;0;0
okd;0;0;0
tas;0;0;0
zka;0;0;0
mwe;0;0;0
wrx;0;0;3000
due;0;0;0
bcu;0;0;0
pud;0;0;0
aut;0;0;12000
kbq;0;0;0
nwg;0;0;0
pqa;0;0;8000
kku;0;0;0
nda;0;0;0
nud;0;0;0
oni;0;0;0
lbu;0;0;0
lsp;0;0;0
bzw;0;0;0
xtt;0;0;0
fum;0;0;0
kkq;0;0;0
var;0;0;2136
hum;0;0;0
dgt;0;0;0
jio;0;0;0
xnz;0;0;0
apo;0;0;0
ykl;0;0;0
gmn;0;0;0
nmo;0;0;0
mkz;0;0;0
wod;0;0;0
las;0;0;0
xbp;0;0;0
yui;0;0;1200
xhd;0;0;0
kxk;0;0;9300
gut;0;0;0
zos;0;0;0
crd;0;0;4
lwm;0;0;0
ylb;0;0;0
ert;0;0;0
dak;0;0;20000
std;0;0;0
tse;0;0;0
gvn;0;0;388
aag;0;0;290
kmg;0;0;0
gbl;0;0;0
xis;0;0;0
prh;0;0;0
xtc;0;0;0
kzw;0;0;0
gud;0;0;0
krs;0;0;0
mue;0;0;2600
tkb;0;0;0
bzn;0;0;0
dbj;0;0;0
kmy;0;0;0
bol;0;0;0
nmt;0;0;0
mvw;0;0;0
txo;0;0;0
gjk;0;0;0
pnq;0;0;0
nbm;0;0;0
isc;0;0;82
ikv;0;0;0
bee;0;0;0
lqr;0;0;0
mzr;0;0;0
hnn;0;0;0
big;0;0;0
lue;0;0;0
gvr;0;0;0
ldo;0;0;0
tix;0;0;0
adj;0;0;0
nik;0;0;0
okb;0;0;0
poo;0;0;0
esn;0;0;0
wlx;0;0;0
hov;0;0;0
nru;0;0;0
sjw;0;0;0
ktq;0;0;0
tgh;0;0;0
sek;0;0;0
jie;0;0;0
txr;0;0;0
beh;0;0;0
xav;0;0;9600
enu;0;0;0
tua;0;0;0
ana;0;0;0
brl;0;0;0
sia;0;0;0
cah;0;0;0
wrn;0;0;0
xtw;0;0;0
aid;0;0;0
aur;0;0;0
kdt;0;0;488900
xgr;0;0;0
soq;0;0;0
nir;0;0;0
pbp;0;0;0
gak;0;0;0
tbf;0;0;0
lva;0;0;0
tbz;0;0;0
tcl;0;0;0
jan;0;0;0
itv;0;0;0
tlq;0;0;0
plh;0;0;0
hol;0;0;0
pea;0;0;0
cir;0;0;0
ptr;0;0;0
gbs;0;0;0
bdh;0;0;0
ibl;0;0;110000
bjm;0;0;0
psl;0;0;0
zag;0;0;274000
bff;0;0;23500
ccm;0;0;0
paq;0;0;4000
rsb;0;0;170000
soy;0;0;0
xkp;0;0;0
cae;0;0;0
kef;0;0;0
gex;0;0;0
ecy;0;0;0
kmu;0;0;0
awv;0;0;0
nnj;0;0;0
gng;0;0;0
hng;0;0;0
xpr;0;0;0
kek;0;0;420000
xmg;0;0;0
msx;0;0;0
ded;0;0;0
wlu;0;0;0
cgk;0;0;0
lra;0;0;0
lgq;0;0;0
ema;0;0;0
snk;0;0;1096795
vag;0;0;0
lbt;0;0;0
ctn;0;0;0
aie;0;0;0
nkq;0;0;0
tji;0;0;0
dwk;0;0;0
xld;0;0;0
ikz;0;0;0
kpr;0;0;0
hlb;0;0;0
bmt;0;0;0
whu;0;0;0
bzv;0;0;0
tkq;0;0;0
syk;0;0;0
gnh;0;0;0
yif;0;0;0
nyh;0;0;0
cbw;0;0;0
laz;0;0;0
lbm;0;0;0
kjk;0;0;0
sae;0;0;3
yrn;0;0;0
jge;0;0;85000
yyz;0;0;0
mco;0;0;0
rth;0;0;0
gga;0;0;0
nzz;0;0;0
piv;0;0;1142
bws;0;0;0
cwg;0;0;0
kwm;0;0;0
vrt;0;0;0
nbr;0;0;0
bez;0;0;0
kpy;0;0;3500
gwm;0;0;0
umg;0;0;0
mda;0;0;0
pcc;0;0;2000000
lmd;0;0;0
rou;0;0;0
brs;0;0;0
kjg;0;0;480000
tys;0;0;0
rug;0;0;0
ram;0;0;0
pir;0;0;0
kke;0;0;0
bwt;0;0;0
caf;0;0;0
cjk;0;0;0
xao;0;0;0
kgg;0;0;7
bzo;0;0;0
gru;0;0;0
sle;0;0;24000
oty;0;0;0
slp;0;0;180000
aoc;0;0;0
uky;0;0;0
lrv;0;0;0
mgz;0;0;0
tpa;0;0;0
bvm;0;0;0
ste;0;0;0
mqz;0;0;1200
nrl;0;0;0
agj;0;0;43700
sce;0;0;200000
xsd;0;0;0
pkt;0;0;0
ncd;0;0;0
lyn;0;0;0
ssb;0;0;0
gjm;0;0;0
akv;0;0;210
amu;0;0;0
nat;0;0;0
aya;0;0;0
rsn;0;0;0
aax;0;0;0
djw;0;0;0
wmt;0;0;0
urm;0;0;0
bwd;0;0;0
rim;0;0;0
bdk;0;0;200
kqa;0;0;0
bfw;0;0;0
gcc;0;0;0
eja;0;0;0
kxv;0;0;350000
air;0;0;1000
gwn;0;0;0
ali;0;0;0
mse;0;0;0
hra;0;0;0
mfm;0;0;0
nzs;0;0;0
eud;0;0;0
tus;0;0;0
ncl;0;0;0
frm;0;0;0
sww;0;0;0
amn;0;0;4400
bec;0;0;0
neq;0;0;0
kje;0;0;0
nuu;0;0;0
xxt;0;0;0
yra;0;0;0
siq;0;0;0
wti;0;0;367000
peo;0;0;0
act;0;0;0
xqt;0;0;0
mkr;0;0;0
tvk;0;0;0
lha;0;0;0
mtt;0;0;0
loy;0;0;0
ach;0;0;1200000
shw;0;0;0
msd;0;0;0
cop;0;0;0
val;0;0;0
cas;0;0;5300
ahk;0;0;600000
cbq;0;0;0
mim;0;0;0
mcu;0;0;0
dkr;0;0;0
imy;0;0;0
mhl;0;0;0
zkz;0;0;0
aro;0;0;81
nna;0;0;0
khy;0;0;0
ula;0;0;0
kez;0;0;0
wtm;0;0;5000000
grg;0;0;0
xmj;0;0;0
yxy;0;0;0
apq;0;0;0
tnh;0;0;0
tlj;0;0;0
mbw;0;0;0
xww;0;0;0
mcr;0;0;0
mpc;0;0;0
ksv;0;0;0
bcm;0;0;0
pav;0;0;1930
heg;0;0;0
tgu;0;0;0
mpw;0;0;0
mrt;0;0;0
gdf;0;0;0
mny;0;0;0
pkp;0;0;450
mem;0;0;0
enn;0;0;211000
siz;0;0;0
guh;0;0;23006
mhj;0;0;0
pux;0;0;0
bmo;0;0;0
wgu;0;0;0
bcj;0;0;0
glj;0;0;0
hac;0;0;40000
sas;0;0;2000000
jmb;0;0;2000
bpu;0;0;0
otu;0;0;0
tks;0;0;0
aig;0;0;1500000
drt;0;0;0
lbx;0;0;0
axm;0;0;0
auk;0;0;0
smv;0;0;0
wca;0;0;6000
ull;0;0;0
kjh;0;0;42604
kqh;0;0;0
sjo;0;0;30000
lch;0;0;0
pug;0;0;14300
mgf;0;0;0
inj;0;0;0
ivv;0;0;0
mwt;0;0;0
ssx;0;0;0
lzz;0;0;250000
gka;0;0;0
for;0;0;0
dri;0;0;0
kif;0;0;0
csl;0;0;0
srs;0;0;0
smc;0;0;0
kmf;0;0;0
adl;0;0;80597
mnf;0;0;0
dhg;0;0;310
stp;0;0;0
dln;0;0;0
ddo;0;0;12467
kmm;0;0;0
gdb;0;0;0
ocu;0;0;0
rof;0;0;0
tdk;0;0;0
gig;0;0;0
goa;0;0;0
klp;0;0;0
nsl;0;0;0
bnc;0;0;0
grt;0;0;1000000
yae;0;0;0
yav;0;0;0
lsc;0;0;0
ati;0;0;0
bui;0;0;0
niu;0;0;10000
aar;0;0;1600000
yle;0;0;0
rin;0;0;0
wwr;0;0;0
lik;0;0;0
bib;0;0;0
xsm;0;0;0
kjl;0;0;0
kfy;0;0;2300000
kxm;0;0;1400000
kqt;0;0;0
umo;0;0;0
cay;0;0;55
noy;0;0;0
ybl;0;0;0
ovd;0;0;2000
gbx;0;0;0
jiq;0;0;0
mcn;0;0;0
sze;0;0;0
iyx;0;0;0
mfe;0;0;600000
tud;0;0;0
apr;0;0;0
mbc;0;0;9600
mgv;0;0;0
fad;0;0;0
puy;0;0;0
ktv;0;0;0
kwz;0;0;0
kgf;0;0;0
nol;0;0;0
djc;0;0;0
pmq;0;0;0
sso;0;0;0
taf;0;0;0
tnw;0;0;0
gbh;0;0;0
mpz;0;0;0
are;0;0;0
att;0;0;0
tog;0;0;0
npx;0;0;0
nrr;0;0;0
jog;0;0;0
tar;0;0;0
kia;0;0;0
ysm;0;0;0
gct;0;0;0
kdx;0;0;5000
xme;0;0;0
kei;0;0;1360
ekm;0;0;0
gaq;0;0;0
chb;0;0;0
blq;0;0;0
ppt;0;0;0
tba;0;0;200
yij;0;0;377
gab;0;0;0
ige;0;0;0
sty;0;0;101000
ego;0;0;0
zma;0;0;25
bia;0;0;0
bsf;0;0;0
laj;0;0;0
ysy;0;0;0
xlc;0;0;0
ugn;0;0;0
kry;0;0;10000
rol;0;0;0
nqt;0;0;0
ges;0;0;0
asy;0;0;0
suy;0;0;350
jaz;0;0;0
syn;0;0;0
vsi;0;0;0
zmx;0;0;0
bsl;0;0;0
ngb;0;0;250290
pro;0;0;0
xni;0;0;0
akf;0;0;0
roe;0;0;0
sdj;0;0;0
sod;0;0;0
ajg;0;0;1133000
syi;0;0;0
kbt;0;0;4300
bny;0;0;0
bcg;0;0;0
bbg;0;0;0
kux;0;0;0
nkz;0;0;0
sml;0;0;0
pbb;0;0;140000
amz;0;0;0
bzq;0;0;0
ktz;0;0;33600
hni;0;0;740000
sor;0;0;0
igb;0;0;0
wim;0;0;0
mqr;0;0;0
ebc;0;0;0
tgq;0;0;0
twl;0;0;0
yuq;0;0;0
hmt;0;0;0
mud;0;0;11
sks;0;0;4400
psr;0;0;0
rer;0;0;0
pgd;0;0;0
duh;0;0;0
ylu;0;0;0
sne;0;0;29000
rrt;0;0;0
mxf;0;0;0
kfg;0;0;0
ttz;0;0;0
wru;0;0;0
ise;0;0;0
agw;0;0;0
toc;0;0;0
ras;0;0;0
sxe;0;0;0
mzi;0;0;0
prz;0;0;0
jje;0;0;5000
fud;0;0;0
mgd;0;0;0
atz;0;0;0
mdh;0;0;1100000
tnr;0;0;0
cnx;0;0;0
ggb;0;0;0
tiw;0;0;2040
pbo;0;0;0
sow;0;0;0
lmn;0;0;6000000
nyk;0;0;0
ygl;0;0;0
jow;0;0;0
mck;0;0;0
aik;0;0;0
oue;0;0;0
jbj;0;0;0
lws;0;0;0
tmo;0;0;0
kou;0;0;0
bae;0;0;0
plr;0;0;0
fng;0;0;100000
mma;0;0;0
ica;0;0;0
enr;0;0;0
mid;0;0;0
hwa;0;0;0
llk;0;0;0
yaj;0;0;0
agk;0;0;0
njd;0;0;0
hmb;0;0;0
sbe;0;0;0
kqe;0;0;0
spe;0;0;0
huo;0;0;0
aqg;0;0;0
tav;0;0;400
bpt;0;0;0
huu;0;0;2900
oon;0;0;0
gid;0;0;0
esq;0;0;0
gqr;0;0;0
nmc;0;0;0
oru;0;0;0
gnr;0;0;0
mtm;0;0;0
lob;0;0;440000
grb;0;0;0
daq;0;0;0
gbn;0;0;0
arj;0;0;0
onx;0;0;0
tde;0;0;0
psp;0;0;0
dil;0;0;0
iwm;0;0;0
kjd;0;0;0
kum;0;0;426212
dus;0;0;0
pyu;0;0;8500
kfc;0;0;20000
cal;0;0;5700
mxq;0;0;0
khb;0;0;700000
num;0;0;0
nwx;0;0;0
bnn;0;0;38000
kxq;0;0;0
tlh;0;0;0
bvw;0;0;0
dbb;0;0;0
bta;0;0;0
mpb;0;0;0
tcx;0;0;0
ahm;0;0;0
cmo;0;0;0
bqm;0;0;0
aah;0;0;2560
mhn;0;0;1900
gdo;0;0;130
rnr;0;0;0
avd;0;0;0
gib;0;0;0
mde;0;0;296000
xan;0;0;210000
aga;0;0;0
rwk;0;0;0
dum;0;0;0
dji;0;0;0
kma;0;0;0
tzn;0;0;0
mjp;0;0;0
igs;0;0;0
kol;0;0;0
tab;0;0;126900
bfm;0;0;0
aac;0;0;50
rtm;0;0;9000
aed;0;0;0
nby;0;0;0
kli;0;0;0
vmf;0;0;0
tbk;0;0;0
aox;0;0;0
knr;0;0;0
tuo;0;0;0
gha;0;0;13100
lnz;0;0;0
qwm;0;0;0
nrx;0;0;0
kyt;0;0;0
szn;0;0;20000
wan;0;0;0
smp;0;0;0
woy;0;0;0
yms;0;0;0
rcf;0;0;0
pre;0;0;100
myy;0;0;1032
guz;0;0;0
osx;0;0;0
lcp;0;0;0
zrg;0;0;0
xtm;0;0;7400
khq;0;0;0
hvc;0;0;0
zmw;0;0;0
daa;0;0;0
xod;0;0;0
kuz;0;0;0
mhe;0;0;0
wwb;0;0;0
pla;0;0;0
flh;0;0;0
lrk;0;0;0
tek;0;0;0
mza;0;0;0
wbq;0;0;0
rui;0;0;0
xua;0;0;0
ili;0;0;120
snp;0;0;29000
kqc;0;0;0
ses;0;0;0
rrm;0;0;0
psw;0;0;0
dde;0;0;0
cbl;0;0;0
ano;0;0;370
kzm;0;0;0
bzt;0;0;0
shy;0;0;2300000
lol;0;0;0
poy;0;0;0
fut;0;0;0
sng;0;0;0
mzl;0;0;0
nde;0;0;1572800
sgj;0;0;0
oge;0;0;0
skv;0;0;0
xac;0;0;0
ngs;0;0;0
zlu;0;0;0
lmf;0;0;0
enl;0;0;0
vmu;0;0;0
pty;0;0;0
xyk;0;0;0
nnf;0;0;0
rgk;0;0;0
twn;0;0;0
urv;0;0;0
adg;0;0;0
bha;0;0;50000
nwc;0;0;0
bph;0;0;210
pie;0;0;0
rhp;0;0;0
col;0;0;0
aft;0;0;0
jiv;0;0;35000
mua;0;0;0
eko;0;0;0
jbw;0;0;0
spl;0;0;0
ypz;0;0;0
yty;0;0;0
ajw;0;0;0
gnk;0;0;0
nju;0;0;10
mls;0;0;0
til;0;0;0
mdc;0;0;0
ver;0;0;0
anj;0;0;0
vmg;0;0;0
ntw;0;0;0
khv;0;0;1740
mmd;0;0;30000
jna;0;0;0
khh;0;0;0
aoa;0;0;0
cso;0;0;0
xsi;0;0;0
lgi;0;0;0
ola;0;0;0
deg;0;0;0
wmn;0;0;0
urp;0;0;0
cpa;0;0;0
kyy;0;0;0
dmv;0;0;0
uni;0;0;0
uda;0;0;0
soc;0;0;0
myb;0;0;0
bfl;0;0;0
cco;0;0;0
tht;0;0;0
bit;0;0;0
ple;0;0;10000
svm;0;0;0
rge;0;0;0
khg;0;0;1500000
xgl;0;0;0
nsb;0;0;0
nxq;0;0;310000
aca;0;0;514
ngg;0;0;0
der;0;0;0
mus;0;0;4300
dbi;0;0;0
tyx;0;0;0
tti;0;0;0
olt;0;0;0
tyn;0;0;0
mkx;0;0;0
aqd;0;0;0
shb;0;0;0
chq;0;0;0
veo;0;0;0
afk;0;0;0
bzg;0;0;0
tru;0;0;0
ruk;0;0;0
tdl;0;0;0
mul;0;0;0
rgr;0;0;0
cla;0;0;176000
ght;0;0;0
beo;0;0;0
xre;0;0;0
pmm;0;0;0
mto;0;0;5500
qyp;0;0;0
kye;0;0;0
iqw;0;0;0
nkr;0;0;0
tnb;0;0;0
kfp;0;0;570000
yiu;0;0;0
cje;0;0;0
dwu;0;0;0
awt;0;0;0
ynb;0;0;0
kos;0;0;8000
tuh;0;0;0
ssi;0;0;0
fvr;0;0;746000
pas;0;0;0
uhn;0;0;14000
rkb;0;0;0
ssc;0;0;0
tey;0;0;0
koc;0;0;0
xok;0;0;760
orw;0;0;5
pao;0;0;0
bbx;0;0;0
bfz;0;0;0
asg;0;0;0
mnq;0;0;0
scl;0;0;720200
lgb;0;0;0
asz;0;0;0
mgu;0;0;0
ntu;0;0;0
xso;0;0;0
zmp;0;0;0
kuo;0;0;0
hti;0;0;0
asl;0;0;0
sbi;0;0;0
mzm;0;0;0
mbu;0;0;0
ian;0;0;0
kpd;0;0;0
jmi;0;0;0
kmv;0;0;1726
ymx;0;0;0
xmz;0;0;0
oub;0;0;0
nnh;0;0;0
sms;0;0;420
mkn;0;0;0
ils;0;0;0
jet;0;0;0
cdn;0;0;0
doe;0;0;24000
bsn;0;0;1900
tbx;0;0;0
gwj;0;0;0
kjz;0;0;0
mrb;0;0;0
dgc;0;0;0
nmd;0;0;0
ngk;0;0;0
zau;0;0;0
shh;0;0;0
knp;0;0;0
aaz;0;0;0
urr;0;0;0
ute;0;0;0
ayk;0;0;0
rmx;0;0;0
kgi;0;0;0
kfb;0;0;0
tjl;0;0;100000
tpq;0;0;0
btw;0;0;0
lla;0;0;0
ayb;0;0;0
txa;0;0;0
yxu;0;0;0
gro;0;0;0
gyl;0;0;0
xrg;0;0;0
axk;0;0;0
hab;0;0;0
tuv;0;0;0
usp;0;0;0
tta;0;0;0
twq;0;0;0
mpi;0;0;0
ktn;0;0;0
nid;0;0;0
ayq;0;0;0
agx;0;0;29300
aks;0;0;0
gel;0;0;0
kln;0;0;0
ifm;0;0;0
mxt;0;0;0
ywq;0;0;0
hid;0;0;0
spn;0;0;0
suw;0;0;0
mcz;0;0;0
mkj;0;0;0
rpn;0;0;0
ybj;0;0;0
mrc;0;0;35
amk;0;0;0
puc;0;0;0
stn;0;0;0
ktj;0;0;0
ngz;0;0;0
end;0;0;124000
meq;0;0;0
tuu;0;0;0
lep;0;0;75000
yaz;0;0;0
xsy;0;0;4750
mhi;0;0;0
dng;0;0;41400
fap;0;0;0
ruz;0;0;0
spp;0;0;0
bkx;0;0;0
jru;0;0;91
han;0;0;0
bkn;0;0;0
mhg;0;0;0
vmz;0;0;0
obr;0;0;0
gni;0;0;100
wkw;0;0;0
yuc;0;0;0
nio;0;0;125
otr;0;0;0
bea;0;0;160
tal;0;0;0
kqb;0;0;0
emb;0;0;0
fip;0;0;195000
yry;0;0;0
bim;0;0;0
bsq;0;0;420000
nyj;0;0;0
ccd;0;0;0
aww;0;0;0
uon;0;0;0
kgp;0;0;0
mvu;0;0;0
kgj;0;0;0
nuv;0;0;0
mje;0;0;0
bkm;0;0;0
smx;0;0;0
igo;0;0;0
ktd;0;0;0
prm;0;0;0
xtq;0;0;0
bce;0;0;0
mlp;0;0;0
huw;0;0;0
akw;0;0;0
kkv;0;0;0
kib;0;0;0
bkz;0;0;0
nty;0;0;0
nlv;0;0;0
bzz;0;0;0
ycn;0;0;1800
tsj;0;0;175000
cfg;0;0;0
tby;0;0;15000
bev;0;0;0
wmo;0;0;0
ahb;0;0;0
gyg;0;0;5000
mrl;0;0;0
mxk;0;0;0
shd;0;0;3371
abd;0;0;0
apl;0;0;0
izm;0;0;0
buw;0;0;0
dho;0;0;0
wny;0;0;0
nnn;0;0;0
bjx;0;0;0
bne;0;0;12000
niy;0;0;100000
nbv;0;0;0
wgy;0;0;0
teo;0;0;0
xiy;0;0;0
zng;0;0;0
xby;0;0;0
ruo;0;0;1000
xha;0;0;0
opa;0;0;0
mlm;0;0;86000
tiq;0;0;0
vms;0;0;0
opt;0;0;0
nuz;0;0;0
dnk;0;0;0
lip;0;0;0
aos;0;0;0
nwa;0;0;0
obi;0;0;0
gbd;0;0;0
bso;0;0;0
mdz;0;0;0
skd;0;0;0
xeu;0;0;0
ynd;0;0;0
zsu;0;0;1160
mcx;0;0;0
sbm;0;0;79000
kui;0;0;1000
onk;0;0;0
lwe;0;0;0
dpp;0;0;0
bwc;0;0;24800
gog;0;0;0
mdl;0;0;0
alx;0;0;0
atq;0;0;12000
evh;0;0;0
chp;0;0;11325
ner;0;0;0
tmd;0;0;0
nme;0;0;0
gge;0;0;60
wbs;0;0;0
yak;0;0;0
jyy;0;0;0
prk;0;0;0
sbf;0;0;400
yva;0;0;10000
aps;0;0;0
tor;0;0;0
moj;0;0;0
bxf;0;0;0
liv;0;0;0
mqt;0;0;0
idi;0;0;0
nfd;0;0;0
bgs;0;0;43000
mlu;0;0;0
ccl;0;0;0
xpm;0;0;0
klk;0;0;0
dmf;0;0;0
fqs;0;0;0
sdk;0;0;0
akx;0;0;0
tro;0;0;0
zms;0;0;0
mqu;0;0;0
bxh;0;0;0
emq;0;0;0
paf;0;0;0
jrt;0;0;0
mmv;0;0;0
zin;0;0;0
ldd;0;0;0
lle;0;0;0
szg;0;0;0
txh;0;0;0
baf;0;0;0
ywn;0;0;0
pue;0;0;0
wrp;0;0;0
sik;0;0;0
agb;0;0;0
nxm;0;0;0
xnk;0;0;0
kvn;0;0;0
klo;0;0;0
nrt;0;0;0
ngy;0;0;0
bdn;0;0;0
tqp;0;0;0
sgw;0;0;1480000
emy;0;0;0
ldh;0;0;0
xyt;0;0;0
dbm;0;0;65000
yah;0;0;4000
yxm;0;0;0
ped;0;0;0
yag;0;0;60
vmc;0;0;0
nlx;0;0;0
srq;0;0;400
kjx;0;0;0
dgz;0;0;0
luk;0;0;0
kjs;0;0;0
msr;0;0;0
cox;0;0;250
coc;0;0;0
isr;0;0;0
lby;0;0;0
nbb;0;0;0
tvn;0;0;0
dmx;0;0;0
svc;0;0;0
lgo;0;0;0
khc;0;0;0
ptt;0;0;0
zap;0;0;777000
kqu;0;0;0
iii;0;0;2000000
gub;0;0;0
wob;0;0;0
caa;0;0;30000
dww;0;0;0
pab;0;0;1800
wll;0;0;0
eka;0;0;0
mjk;0;0;0
jda;0;0;0
ker;0;0;0
kqq;0;0;0
wwo;0;0;0
duz;0;0;0
tfn;0;0;75
usa;0;0;0
aih;0;0;0
dtn;0;0;0
aey;0;0;0
jvn;0;0;84308740
hds;0;0;0
mmu;0;0;0
guk;0;0;219000
doh;0;0;0
wes;0;0;2000000
cin;0;0;0
hkn;0;0;0
kzx;0;0;0
ims;0;0;0
xrn;0;0;0
khx;0;0;0
brn;0;0;0
mws;0;0;0
how;0;0;0
pnu;0;0;0
mss;0;0;0
skc;0;0;0
vku;0;0;0
dsi;0;0;0
jid;0;0;0
kqf;0;0;0
wmc;0;0;0
aal;0;0;0
gyy;0;0;0
dry;0;0;0
fuj;0;0;0
tue;0;0;570
ule;0;0;0
klx;0;0;0
crf;0;0;0
byi;0;0;0
ndd;0;0;0
kxb;0;0;9920
emp;0;0;72000
bop;0;0;0
ynq;0;0;0
bbf;0;0;0
anz;0;0;800
itr;0;0;0
mhy;0;0;150000
gna;0;0;0
ncf;0;0;0
ppp;0;0;0
wep;0;0;0
hrw;0;0;0
wdk;0;0;0
dgg;0;0;0
mji;0;0;0
agd;0;0;27000
maz;0;0;0
gvy;0;0;0
atl;0;0;0
hor;0;0;0
plw;0;0;0
gjr;0;0;0
wgb;0;0;0
ptn;0;0;10600
mcv;0;0;0
bqj;0;0;0
kgn;0;0;0
rmt;0;0;1340000
wrh;0;0;0
abz;0;0;0
tng;0;0;0
kpz;0;0;0
grs;0;0;0
mdq;0;0;0
zmj;0;0;20
ssr;0;0;0
puf;0;0;0
tub;0;0;0
vam;0;0;0
yzg;0;0;0
umd;0;0;0
mdw;0;0;0
nnm;0;0;0
ndm;0;0;0
fly;0;0;500000
bnb;0;0;0
yax;0;0;0
xag;0;0;0
tnt;0;0;0
kwn;0;0;0
gpa;0;0;0
nkc;0;0;0
xms;0;0;0
pil;0;0;0
muj;0;0;0
lhl;0;0;0
dyb;0;0;0
unk;0;0;570
fll;0;0;0
bbq;0;0;0
gwr;0;0;0
ots;0;0;0
luw;0;0;0
tea;0;0;0
sgd;0;0;0
xzh;0;0;0
pwi;0;0;0
bnw;0;0;0
nsw;0;0;0
ziw;0;0;355000
sus;0;0;0
xbd;0;0;0
avi;0;0;0
baw;0;0;0
sdb;0;0;0
zkh;0;0;0
nhw;0;0;0
wth;0;0;0
zak;0;0;0
bvh;0;0;0
cip;0;0;0
srz;0;0;0
nyo;0;0;0
kov;0;0;0
nal;0;0;0
hoa;0;0;0
kqy;0;0;159200
bdm;0;0;0
ila;0;0;0
toz;0;0;0
mbx;0;0;0
kkt;0;0;0
nhm;0;0;0
cag;0;0;0
alj;0;0;2150
xhr;0;0;0
isk;0;0;1500
ppl;0;0;1300
dor;0;0;0
pth;0;0;0
xfa;0;0;0
vsl;0;0;0
uvh;0;0;0
bfd;0;0;0
wbb;0;0;0
tfi;0;0;0
sew;0;0;0
bob;0;0;0
yxa;0;0;0
ybm;0;0;0
bcp;0;0;0
nhq;0;0;0
pgl;0;0;0
rav;0;0;0
aud;0;0;0
nma;0;0;0
vma;0;0;0
gkn;0;0;0
dzd;0;0;0
cac;0;0;43370
lun;0;0;0
bjg;0;0;0
mee;0;0;0
cou;0;0;0
gfk;0;0;0
mqf;0;0;0
ndn;0;0;0
aph;0;0;0
ksr;0;0;0
ffi;0;0;0
tkm;0;0;0
mir;0;0;0
tvy;0;0;0
dnw;0;0;180000
ssd;0;0;0
klu;0;0;0
khd;0;0;0
kpg;0;0;0
yam;0;0;0
ktc;0;0;2500
duu;0;0;14225
quq;0;0;0
nhr;0;0;0
nbt;0;0;0
nti;0;0;0
crz;0;0;0
clc;0;0;860
kun;0;0;0
elu;0;0;0
bbv;0;0;0
brh;0;0;1800000
mhk;0;0;0
jel;0;0;0
kkr;0;0;0
mas;0;0;0
eri;0;0;0
kfr;0;0;0
hgw;0;0;0
awh;0;0;0
mvq;0;0;0
nie;0;0;0
tlg;0;0;0
ttn;0;0;0
tjo;0;0;8100
znk;0;0;0
loq;0;0;0
boq;0;0;0
ppq;0;0;0
mlv;0;0;0
xlu;0;0;0
xpg;0;0;0
avs;0;0;0
bds;0;0;0
mtn;0;0;0
pix;0;0;0
wdj;0;0;5
bgv;0;0;0
jns;0;0;0
kqv;0;0;0
sif;0;0;0
luf;0;0;0
bub;0;0;0
sqm;0;0;0
tvs;0;0;0
pof;0;0;130000
cto;0;0;15000
yro;0;0;430
clh;0;0;0
bus;0;0;0
lmq;0;0;0
dje;0;0;0
msp;0;0;0
bfs;0;0;0
ahp;0;0;0
hdy;0;0;0
kqx;0;0;0
mlb;0;0;0
olk;0;0;0
nue;0;0;0
ppk;0;0;0
zkt;0;0;0
xay;0;0;0
cap;0;0;1800
enh;0;0;0
ruu;0;0;0
nto;0;0;100000
sxu;0;0;2000000
hmv;0;0;0
nee;0;0;0
aol;0;0;25000
rel;0;0;0
wie;0;0;0
bcs;0;0;0
bil;0;0;0
bjo;0;0;0
gei;0;0;0
buc;0;0;0
oie;0;0;0
sbw;0;0;0
lac;0;0;0
dtb;0;0;0
kcv;0;0;0
oua;0;0;20000
tzj;0;0;0
blt;0;0;760000
pos;0;0;0
gyo;0;0;0
mrd;0;0;0
ags;0;0;0
sue;0;0;0
raf;0;0;0
mef;0;0;0
moo;0;0;0
foi;0;0;0
pal;0;0;0
bqv;0;0;0
ilv;0;0;0
boi;0;0;0
fkk;0;0;0
dic;0;0;0
whk;0;0;0
seu;0;0;0
snz;0;0;0
xkf;0;0;0
aor;0;0;0
kck;0;0;0
tsy;0;0;500
vae;0;0;0
jgk;0;0;70000
kqp;0;0;0
thp;0;0;440
pku;0;0;0
hnu;0;0;0
aip;0;0;0
esy;0;0;550
liu;0;0;0
mjo;0;0;0
ozm;0;0;0
awe;0;0;170
tes;0;0;0
ymb;0;0;0
tce;0;0;0
vum;0;0;0
bvl;0;0;0
apu;0;0;0
myw;0;0;0
pll;0;0;0
lww;0;0;0
kag;0;0;0
tvl;0;0;13000
anq;0;0;0
jaj;0;0;0
dka;0;0;0
mlj;0;0;0
cuv;0;0;0
bhw;0;0;0
csv;0;0;0
nnc;0;0;0
sdf;0;0;0
nre;0;0;0
nst;0;0;0
wrs;0;0;0
tdr;0;0;6000
bqx;0;0;0
nza;0;0;0
bda;0;0;0
all;0;0;0
kug;0;0;0
pui;0;0;3000
kkm;0;0;0
kie;0;0;18500
fwe;0;0;0
npa;0;0;0
caw;0;0;0
pay;0;0;0
tdh;0;0;0
mca;0;0;0
hru;0;0;0
tbs;0;0;0
tft;0;0;42000
mqk;0;0;0
bpx;0;0;0
nzy;0;0;31500
rng;0;0;722000
jaf;0;0;0
nyw;0;0;0
clw;0;0;44
wew;0;0;0
kwu;0;0;0
fpe;0;0;6000
meu;0;0;39000
kqz;0;0;0
mwi;0;0;0
knz;0;0;0
tdf;0;0;0
atn;0;0;0
mbl;0;0;0
czk;0;0;0
nku;0;0;0
gvo;0;0;0
tpl;0;0;0
sib;0;0;0
pov;0;0;500000
kyc;0;0;0
suk;0;0;5430000
waf;0;0;0
afz;0;0;0
wwa;0;0;0
yee;0;0;300
djk;0;0;0
avm;0;0;0
sub;0;0;0
lke;0;0;0
bie;0;0;0
fmu;0;0;0
yoi;0;0;400
xla;0;0;0
gku;0;0;0
ibd;0;0;0
yrs;0;0;0
duc;0;0;0
fse;0;0;15000
fsl;0;0;283000
ygr;0;0;21000
ret;0;0;0
taw;0;0;0
bya;0;0;0
tmv;0;0;0
clm;0;0;0
ihw;0;0;0
duq;0;0;4500
uuu;0;0;40000
lss;0;0;0
ned;0;0;0
bhf;0;0;0
dbe;0;0;0
nkm;0;0;0
xhm;0;0;0
urg;0;0;0
ctg;0;0;13000000
gus;0;0;0
bmb;0;0;0
bkd;0;0;168234
tmq;0;0;0
zoh;0;0;0
gos;0;0;0
dtp;0;0;180000
gua;0;0;0
crv;0;0;0
kwx;0;0;0
kac;0;0;940000
kij;0;0;0
rmd;0;0;0
prl;0;0;0
kbu;0;0;0
xcn;0;0;0
vis;0;0;150
njl;0;0;0
kev;0;0;0
mft;0;0;0
spm;0;0;0
kdi;0;0;0
mwz;0;0;0
bzf;0;0;0
mxm;0;0;0
pey;0;0;0
key;0;0;0
bcn;0;0;0
mcb;0;0;6200
omx;0;0;0
cav;0;0;0
lop;0;0;0
abx;0;0;21400
ted;0;0;0
rmh;0;0;290
gbj;0;0;0
lon;0;0;0
ats;0;0;10
vai;0;0;0
tls;0;0;0
kpq;0;0;0
tbo;0;0;0
ldp;0;0;0
bxw;0;0;0
mwb;0;0;0
yac;0;0;0
tgp;0;0;0
nfa;0;0;0
chx;0;0;0
cuy;0;0;0
yay;0;0;0
tem;0;0;0
dhi;0;0;0
ykk;0;0;0
asp;0;0;0
tao;0;0;3800
kfh;0;0;0
mow;0;0;0
dsn;0;0;0
prg;0;0;50
tnv;0;0;0
xhu;0;0;0
jia;0;0;0
ymc;0;0;0
cpu;0;0;0
kca;0;0;9584
fmp;0;0;0
kgb;0;0;0
tme;0;0;0
put;0;0;0
abw;0;0;0
nji;0;0;0
yiq;0;0;0
zom;0;0;61000
hsl;0;0;0
shg;0;0;0
kvh;0;0;0
bnu;0;0;0
irr;0;0;0
bnf;0;0;0
ljx;0;0;0
nzd;0;0;0
hap;0;0;0
mvx;0;0;0
udu;0;0;0
bqa;0;0;0
zkv;0;0;0
tee;0;0;1500
sju;0;0;20
okx;0;0;0
ibn;0;0;0
hvn;0;0;110000
cur;0;0;0
xle;0;0;0
mme;0;0;0
pcf;0;0;0
trm;0;0;1000
acn;0;0;0
bmc;0;0;0
npn;0;0;0
kzg;0;0;13100
mps;0;0;0
kvz;0;0;0
arp;0;0;1000
abe;0;0;14
ruy;0;0;6600
ndo;0;0;810000
aib;0;0;12000
gce;0;0;0
wku;0;0;0
bpv;0;0;0
tmj;0;0;0
smz;0;0;0
cjv;0;0;0
bfk;0;0;0
kfw;0;0;0
xpv;0;0;0
sbn;0;0;0
weh;0;0;0
xii;0;0;0
xbj;0;0;0
ckq;0;0;0
gbg;0;0;0
tqu;0;0;0
sbb;0;0;0
cml;0;0;0
sri;0;0;220
puq;0;0;0
ham;0;0;0
ppn;0;0;0
wig;0;0;0
mva;0;0;0
yia;0;0;0
pih;0;0;532
gok;0;0;0
bwh;0;0;0
pln;0;0;2788
keo;0;0;0
knd;0;0;0
krj;0;0;1056093
kcr;0;0;0
yxg;0;0;0
nuf;0;0;0
pit;0;0;0
sil;0;0;0
soe;0;0;0
tkn;0;0;0
mjl;0;0;900000
mfk;0;0;0
ttm;0;0;0
omg;0;0;2
wal;0;0;1500000
ssf;0;0;0
tap;0;0;382000
bey;0;0;0
qun;0;0;0
guf;0;0;0
trz;0;0;0
poc;0;0;0
dbq;0;0;0
jau;0;0;0
dah;0;0;0
jod;0;0;0
ane;0;0;0
skm;0;0;0
tty;0;0;0
biv;0;0;0
ngj;0;0;0
bdy;0;0;0
csn;0;0;0
abp;0;0;3000
ttl;0;0;0
txc;0;0;0
mhp;0;0;25000
bbl;0;0;3420
gds;0;0;0
teb;0;0;0
kzn;0;0;0
xgb;0;0;0
stf;0;0;0
bbm;0;0;0
stj;0;0;0
ybo;0;0;0
nja;0;0;0
bje;0;0;0
kmp;0;0;0
jmc;0;0;0
nsc;0;0;0
bpc;0;0;0
wmw;0;0;100000
ked;0;0;100000
pnl;0;0;0
ugy;0;0;0
nos;0;0;0
pps;0;0;0
zuh;0;0;0
lrc;0;0;1500000
dar;0;0;0
pto;0;0;0
asx;0;0;0
mkl;0;0;0
iso;0;0;0
cov;0;0;0
lef;0;0;0
avt;0;0;0
gip;0;0;0
wiu;0;0;0
bcz;0;0;0
jmr;0;0;0
niv;0;0;198
oke;0;0;0
loi;0;0;0
trj;0;0;0
gox;0;0;0
rop;0;0;0
xri;0;0;0
pkc;0;0;0
xad;0;0;0
lrn;0;0;0
mhf;0;0;0
jui;0;0;0
agm;0;0;0
oji;0;0;20470
ons;0;0;0
gve;0;0;0
dol;0;0;0
khz;0;0;0
yla;0;0;0
aas;0;0;0
dii;0;0;0
kuu;0;0;0
tqb;0;0;0
mfv;0;0;0
gyf;0;0;0
hvv;0;0;0
sjd;0;0;500
ged;0;0;0
lkn;0;0;0
wah;0;0;0
krl;0;0;35600
gll;0;0;0
kpx;0;0;0
xve;0;0;0
mmb;0;0;0
jya;0;0;0
yss;0;0;0
bzp;0;0;0
tnm;0;0;0
xgd;0;0;0
boa;0;0;2400
mtv;0;0;0
lyg;0;0;0
cao;0;0;600
xzm;0;0;0
uli;0;0;0
drg;0;0;0
gma;0;0;0
akl;0;0;0
nmz;0;0;0
wok;0;0;0
kpf;0;0;0
nmw;0;0;0
jmw;0;0;450
jer;0;0;0
shk;0;0;2000000
kyb;0;0;0
ntr;0;0;0
ard;0;0;0
ame;0;0;0
lth;0;0;0
chn;0;0;1
gah;0;0;25000
vwa;0;0;0
irn;0;0;125
kog;0;0;0
kdg;0;0;0
sdr;0;0;0
xpj;0;0;0
nnr;0;0;0
mrr;0;0;134000
bot;0;0;0
aot;0;0;0
kbo;0;0;0
kcx;0;0;0
bvc;0;0;0
mqo;0;0;0
tdb;0;0;0
enc;0;0;0
ayd;0;0;0
dmm;0;0;0
bab;0;0;0
alf;0;0;0
tsk;0;0;0
mwg;0;0;0
xdk;0;0;0
nmk;0;0;0
urz;0;0;0
bba;0;0;0
nqg;0;0;0
kvj;0;0;0
rut;0;0;47400
omn;0;0;0
bqq;0;0;0
fif;0;0;0
cia;0;0;80000
lir;0;0;0
xli;0;0;0
llg;0;0;0
kzf;0;0;0
lnw;0;0;0
tox;0;0;0
god;0;0;0
utu;0;0;0
ogo;0;0;0
bwr;0;0;0
dem;0;0;0
poq;0;0;0
fai;0;0;0
kav;0;0;0
yng;0;0;0
cul;0;0;3900
tka;0;0;0
kww;0;0;130
hus;0;0;150000
twx;0;0;0
pum;0;0;0
tiz;0;0;0
pqm;0;0;590
adw;0;0;0
bjp;0;0;0
hoo;0;0;0
frq;0;0;0
aup;0;0;0
nnt;0;0;0
dby;0;0;0
txn;0;0;7910
kse;0;0;0
trg;0;0;4378
kbc;0;0;1590
ygi;0;0;0
wil;0;0;0
jsl;0;0;0
kwv;0;0;0
cpo;0;0;0
jku;0;0;0
nmq;0;0;0
mzh;0;0;0
alw;0;0;287000
ree;0;0;0
dyy;0;0;0
wsv;0;0;0
thm;0;0;0
bli;0;0;0
ymz;0;0;0
sox;0;0;0
tct;0;0;0
syy;0;0;0
gta;0;0;4
kyo;0;0;0
cbj;0;0;0
ocm;0;0;0
nck;0;0;58
bov;0;0;0
luj;0;0;0
ulk;0;0;0
ett;0;0;0
nye;0;0;0
xes;0;0;0
kcq;0;0;20000
tjj;0;0;0
gou;0;0;0
smk;0;0;51000
kap;0;0;6000
pgk;0;0;0
xtr;0;0;0
bsm;0;0;0
bvz;0;0;0
mhm;0;0;0
wif;0;0;0
bqc;0;0;0
snr;0;0;0
lnb;0;0;200
cbv;0;0;250
dnv;0;0;0
rys;0;0;47600
bsa;0;0;300
hmo;0;0;180000
xwr;0;0;0
mjz;0;0;0
mnr;0;0;0
spk;0;0;0
chf;0;0;0
tcz;0;0;0
lix;0;0;0
crt;0;0;0
bct;0;0;0
sog;0;0;0
kxn;0;0;0
slg;0;0;0
tpx;0;0;0
sbd;0;0;0
xsj;0;0;0
cfd;0;0;0
sjk;0;0;0
xmo;0;0;0
her;0;0;237000
lig;0;0;0
ltn;0;0;10
mur;0;0;0
tgx;0;0;2
gic;0;0;0
dgr;0;0;1735
klf;0;0;0
pax;0;0;0
leq;0;0;0
anm;0;0;23000
rmk;0;0;0
kkz;0;0;0
dze;0;0;0
dmk;0;0;0
pij;0;0;0
huz;0;0;1000
npo;0;0;0
ilk;0;0;0
bpn;0;0;0
mdn;0;0;0
mjw;0;0;0
kqr;0;0;0
dep;0;0;0
yrk;0;0;24000
gwt;0;0;9500
hod;0;0;0
njh;0;0;179467
wao;0;0;0
ayu;0;0;0
nbg;0;0;0
kxo;0;0;0
mmq;0;0;0
nmx;0;0;0
rbb;0;0;0
nyb;0;0;0
xhc;0;0;0
wsi;0;0;0
vaa;0;0;0
gek;0;0;0
hoy;0;0;0
trn;0;0;0
yap;0;0;5130
lmw;0;0;0
auu;0;0;0
stm;0;0;0
knv;0;0;0
wai;0;0;0
byr;0;0;6600
kua;0;0;247000
prn;0;0;8000
geg;0;0;0
tep;0;0;0
neg;0;0;730
gej;0;0;0
smj;0;0;2000
tja;0;0;0
nsp;0;0;0
ngr;0;0;210
swi;0;0;300000
pnk;0;0;10
lmg;0;0;0
uss;0;0;0
mnj;0;0;3770
peb;0;0;0
dyu;0;0;2700000
kwg;0;0;0
iwo;0;0;0
ntk;0;0;36000
gwx;0;0;0
efa;0;0;0
ykm;0;0;0
mel;0;0;0
mdx;0;0;0
tla;0;0;0
pcw;0;0;0
wbh;0;0;0
kza;0;0;0
lil;0;0;0
xar;0;0;0
noz;0;0;0
ckx;0;0;0
lsh;0;0;0
bxo;0;0;0
saf;0;0;9000
ihp;0;0;0
bud;0;0;0
idd;0;0;0
ssv;0;0;0
bgo;0;0;0
mqq;0;0;0
bko;0;0;0
uta;0;0;0
neo;0;0;0
mrs;0;0;0
fam;0;0;0
abt;0;0;0
bdi;0;0;0
mzy;0;0;0
xts;0;0;0
nbh;0;0;60000
lai;0;0;0
hut;0;0;0
kwf;0;0;0
jdt;0;0;106000
piy;0;0;5000
kae;0;0;0
gue;0;0;0
rgn;0;0;1100000
mfz;0;0;0
tss;0;0;0
ksc;0;0;0
mec;0;0;0
cri;0;0;69899
ygs;0;0;0
urw;0;0;0
zmn;0;0;0
cna;0;0;0
gmx;0;0;0
cua;0;0;0
bja;0;0;0
lbw;0;0;0
okm;0;0;0
tnp;0;0;7500
cbr;0;0;1200
gva;0;0;0
acd;0;0;0
mcf;0;0;2200
vif;0;0;0
bgj;0;0;14000
dur;0;0;0
ddn;0;0;32050
hmn;0;0;0
nux;0;0;0
jub;0;0;0
jbu;0;0;0
cch;0;0;0
etr;0;0;0
jut;0;0;0
mau;0;0;0
prr;0;0;0
tiu;0;0;0
srl;0;0;0
beu;0;0;10000
gba;0;0;0
mdd;0;0;0
spc;0;0;0
aiw;0;0;285000
csg;0;0;21000
mcy;0;0;0
nou;0;0;0
any;0;0;0
dug;0;0;397000
skb;0;0;0
tpn;0;0;0
ppi;0;0;0
frc;0;0;200000
lsn;0;0;0
ghl;0;0;0
woc;0;0;0
msg;0;0;0
jeb;0;0;30
kxs;0;0;1000
kfv;0;0;0
tae;0;0;100
kgu;0;0;0
nkd;0;0;0
xcb;0;0;0
iby;0;0;0
itd;0;0;0
kph;0;0;0
ave;0;0;0
hia;0;0;0
zhb;0;0;0
tsa;0;0;0
nxe;0;0;50000
hai;0;0;90
yun;0;0;0
nco;0;0;0
tiv;0;0;0
xsr;0;0;150000
kyu;0;0;150000
gbr;0;0;0
bwl;0;0;0
tmg;0;0;0
pot;0;0;0
ukq;0;0;100
qui;0;0;0
atw;0;0;200
quv;0;0;0
mcq;0;0;10000
xup;0;0;0
ilb;0;0;0
clj;0;0;0
bfh;0;0;0
amx;0;0;0
hro;0;0;0
ngt;0;0;0
cdz;0;0;0
loa;0;0;0
sqa;0;0;0
jnd;0;0;0
yhs;0;0;10
bby;0;0;0
nps;0;0;0
com;0;0;915
now;0;0;0
uvl;0;0;0
cbu;0;0;1120
aqt;0;0;0
dgi;0;0;0
nri;0;0;0
ruh;0;0;0
obu;0;0;0
was;0;0;20
piw;0;0;0
bjz;0;0;0
wic;0;0;0
atx;0;0;5
yuy;0;0;4000
swq;0;0;0
bna;0;0;0
bhz;0;0;0
kpu;0;0;0
smh;0;0;0
tmc;0;0;0
wle;0;0;0
gsl;0;0;0
wxw;0;0;0
yna;0;0;0
gnq;0;0;0
bet;0;0;0
pej;0;0;0
met;0;0;0
okl;0;0;0
ulb;0;0;0
ump;0;0;0
xdy;0;0;0
bla;0;0;5000
fia;0;0;0
sbg;0;0;0
mrx;0;0;0
dos;0;0;0
scu;0;0;0
jih;0;0;4100
lda;0;0;0
nig;0;0;0
zhi;0;0;0
mzj;0;0;0
daj;0;0;0
xbg;0;0;0
sob;0;0;0
xyb;0;0;0
ysc;0;0;0
twf;0;0;800
acs;0;0;0
drb;0;0;0
kvq;0;0;40000
lpn;0;0;0
tpu;0;0;0
tnx;0;0;4
brb;0;0;0
wer;0;0;0
kao;0;0;0
cwb;0;0;0
buf;0;0;0
kiy;0;0;0
anx;0;0;0
juk;0;0;0
lul;0;0;0
pem;0;0;0
drd;0;0;0
led;0;0;0
vnk;0;0;0
mig;0;0;0
vmd;0;0;0
itz;0;0;0
iai;0;0;0
xau;0;0;0
xsv;0;0;0
bpl;0;0;45
wyb;0;0;0
gbz;0;0;0
nul;0;0;0
nys;0;0;232
ubu;0;0;0
sqo;0;0;0
kvx;0;0;0
gal;0;0;0
kex;0;0;0
nbj;0;0;0
aew;0;0;0
wlw;0;0;0
wri;0;0;0
yll;0;0;0
kzz;0;0;0
ncq;0;0;0
gaj;0;0;0
bvg;0;0;0
xyj;0;0;0
biq;0;0;0
nbk;0;0;0
sdt;0;0;0
tsi;0;0;0
lgn;0;0;0
wrm;0;0;200
brq;0;0;0
sno;0;0;0
aim;0;0;0
gux;0;0;0
mrh;0;0;400000
saj;0;0;3500
cen;0;0;0
isv;0;0;0
mgs;0;0;0
bhn;0;0;0
wub;0;0;0
bks;0;0;0
mcs;0;0;0
cps;0;0;0
klb;0;0;0
noa;0;0;0
tob;0;0;40000
mzp;0;0;0
bqg;0;0;0
iow;0;0;0
bls;0;0;3200
lui;0;0;0
cvn;0;0;0
oro;0;0;0
awi;0;0;0
pcn;0;0;0
kgx;0;0;0
mjq;0;0;0
lro;0;0;0
mxe;0;0;3500
gie;0;0;0
nuy;0;0;0
nam;0;0;0
bco;0;0;0
kzs;0;0;0
kzl;0;0;0
cce;0;0;0
ibh;0;0;0
aai;0;0;0
bqi;0;0;1000000
azo;0;0;0
sby;0;0;54400
srt;0;0;0
far;0;0;0
svs;0;0;0
ndl;0;0;0
xrr;0;0;0
aho;0;0;0
bkq;0;0;950
kvi;0;0;0
nin;0;0;0
phu;0;0;0
sii;0;0;0
uln;0;0;100
ums;0;0;0
wtb;0;0;0
mbe;0;0;0
xat;0;0;10
sfs;0;0;0
bqt;0;0;0
lox;0;0;0
nyp;0;0;0
myo;0;0;0
lkd;0;0;0
nab;0;0;720
byf;0;0;0
oca;0;0;190
xai;0;0;0
dms;0;0;0
tad;0;0;0
bck;0;0;110
uly;0;0;0
trh;0;0;0
mfx;0;0;0
wky;0;0;0
wkl;0;0;0
tmh;0;0;1248200
sqh;0;0;0
anh;0;0;0
glu;0;0;0
wbv;0;0;0
asv;0;0;0
did;0;0;0
bdx;0;0;0
pck;0;0;0
dzl;0;0;0
vmp;0;0;0
bmq;0;0;0
kqm;0;0;0
jwi;0;0;0
gix;0;0;0
otm;0;0;0
gap;0;0;0
kle;0;0;0
yuf;0;0;0
yug;0;0;0
stg;0;0;0
yrl;0;0;8000
age;0;0;0
ior;0;0;0
ate;0;0;0
llb;0;0;0
lmv;0;0;0
gcf;0;0;0
alc;0;0;12
wrl;0;0;0
xwe;0;0;0
yim;0;0;83259
pic;0;0;0
wii;0;0;0
nka;0;0;146000
peg;0;0;350000
cde;0;0;0
mby;0;0;0
lbg;0;0;0
glw;0;0;0
ins;0;0;0
xkz;0;0;15000
rab;0;0;0
gpn;0;0;0
moi;0;0;0
rau;0;0;0
kpi;0;0;0
jbm;0;0;0
lsw;0;0;0
wua;0;0;0
gdk;0;0;0
tpy;0;0;120
kve;0;0;0
thn;0;0;0
tts;0;0;15000000
kpk;0;0;0
kgv;0;0;0
knj;0;0;0
naq;0;0;250000
mze;0;0;0
pzn;0;0;0
axb;0;0;0
zsk;0;0;0
bag;0;0;0
pis;0;0;25000
yev;0;0;0
mpn;0;0;0
lmc;0;0;0
nmv;0;0;0
mug;0;0;0
buo;0;0;0
tau;0;0;100
jhi;0;0;0
zko;0;0;0
typ;0;0;0
sbs;0;0;0
