eng,5
spa,5
fra,5
deu,5
zho,5
ita,5
ara,5
pol,5
jpn,5
por,5
nld,5
kor,5
vie,5
ell,4
swe,5
dan,4
bul,4
hbs,5
rus,5
fin,4
ces,4
cat,4
fas,5
nor,4
tur,4
ron,4
tha,4
est,4
heb,4
hin,4
lav,4
slk,4
slv,2
ukr,4
pus,2
eus,4
lat,4
lit,4
hun,4
msa,4
mkd,4
tam,4
urd,4
swa,4
ben,4
cse,0
hau,3
isl,2
gle,2
pan,4
mal,3
mlt,2
nep,3
tel,3
fry,2
afr,3
amh,2
aze,3
guj,3
sin,3
sqi,3
ase,0
asm,3
bre,3
cos,2
epo,3
glg,3
gsg,0
kan,2
kas,2
kha,0
mni,2
mar,3
mon,2
sme,2
ori,3
orm,1
rom,1
gla,1
sid,0
som,2
tir,1
uig,2
uzb,4
cym,3
yor,2
tgl,4
lao,2
kat,4
khm,2
hat,3
ceb,4
ybb,0
enm,0
zul,2
kur,3
lah,3
kaz,3
mxx,0
grn,2
fil,0
fao,2
bod,2
trf,0
tpi,1
ibo,2
bam,1
wol,1
nhi,0
azz,0
luo,0
luq,0
man,0
jgo,0
kmj,0
kin,1
jav,2
san,3
mjt,0
gul,0
mkb,0
aka,2
abk,2
ace,2
ady,1
gsw,3
ami,1
anp,1
arg,3
rki,1
syr,1
hye,3
rup,1
frp,2
ast,3
tay,1
atj,1
ava,2
awa,1
aym,2
ban,2
bak,3
btm,1
bbc,1
bar,3
bel,3
bew,1
bho,3
bpy,2
bis,1
bug,2
mya,3
bik,2
duw,1
kau,1
cha,1
cbk,2
che,3
chr,1
chy,1
chu,1
chv,3
ksh,2
cor,2
cre,1
crh,2
dag,2
zza,2
din,1
div,2
dzo,1
chm,2
egl,2
myv,2
ewe,1
ext,2
hif,2
fij,1
fon,1
gur,1
fur,1
ful,2
gag,1
lug,1
gpe,2
glk,2
kok,2
gor,2
got,1
gcr,1
guw,1
haw,1
iba,1
ido,3
igl,1
ilo,3
smn,2
inh,2
ina,2
ile,1
iku,1
ipk,1
jam,1
kbd,1
kbp,1
kab,2
kal,1
xal,2
krc,2
kaa,2
csb,2
kik,1
kge,1
kom,2
kon,1
avk,2
kus,1
kir,3
lld,3
lad,2
lbe,2
lez,2
lij,2
lim,2
lin,2
lfn,1
olo,2
jbo,1
lmo,3
nds,3
dsb,2
ltz,3
mad,2
mai,2
mlg,3
glv,1
mri,2
mzn,3
xmf,1
mwl,2
mdf,2
mnw,1
mos,1
nqo,1
nhe,2
nav,2
nap,2
new,3
nia,1
pcm,1
nrf,2
frr,2
nso,2
nov,1
nup,1
nya,1
ann,1
oci,3
ang,2
oss,3
pwn,1
pfl,1
pli,1
pam,2
pag,1
rsk,1
blk,2
pap,2
pdc,1
pcd,2
pms,3
pnt,1
que,2
roh,2
run,1
bua,1
rue,2
szy,1
smo,1
sgs,2
sag,1
sat,2
srd,2
stq,2
sco,3
shn,1
sna,2
scn,2
szl,3
snd,2
nbl,1
alt,1
dga,1
sot,1
srn,1
zgh,2
sun,3
ssw,1
syl,1
shi,2
tah,1
tdd,1
tgk,3
tly,2
trv,1
tat,3
tet,1
tig,1
ton,1
tso,1
tsn,1
tcy,2
tum,1
tuk,2
tyv,2
kcg,1
udm,2
hsb,2
ven,1
vec,3
vep,2
vol,3
wln,2
war,3
guc,1
bdr,1
vls,2
hyw,2
xho,1
sah,2
yid,2
zea,2
zha,1
sws,0
nzk,0
nis,0
bvd,0
pbs,0
lam,0
mrp,0
nnl,0
ilu,0
fwa,0
teq,0
dbv,0
den,0
rdb,0
lkr,0
nfl,0
nuj,0
xpi,0
dtd,0
bxv,0
aul,0
eno,0
xse,0
mqj,0
tlu,0
nvh,0
mzb,0
rao,0
bhq,0
tug,0
bxj,0
ebr,0
bmv,0
vem,0
mlk,0
dai,0
cog,0
ssq,0
wae,0
rif,0
mfi,0
blm,0
dya,0
naf,0
omk,0
mtq,0
pmf,0
zgr,0
byw,0
ntd,0
msb,0
yas,0
khl,0
biu,0
gdq,0
osu,0
pnp,0
nmf,0
nwb,0
bwu,0
bfo,0
wor,0
gam,0
byx,0
vmy,0
wro,0
koy,0
gnl,0
mmm,0
seb,0
bmx,0
kue,0
neu,0
bql,0
bpw,0
bky,0
pbe,0
emu,0
mng,0
nhb,0
tge,0
xps,0
xya,0
klc,0
wun,0
bjt,0
ktk,0
mmo,0
cbt,0
lgr,0
afp,0
bca,0
aom,0
iml,0
mwc,0
mjj,0
amq,0
nil,0
nop,0
tvx,0
czt,0
kth,0
wja,0
plk,0
mbi,0
see,0
koa,0
xtd,0
dbp,0
eth,0
kxy,0
asc,0
sez,0
xbr,0
xpl,0
tnl,0
mhw,0
udl,0
rmg,0
yil,0
lbf,0
bkk,0
scq,0
kvk,0
cma,0
hmu,0
ypa,0
tak,0
bgk,0
ael,0
ale,0
mpy,0
urh,0
niw,0
huq,0
nii,0
vko,0
sli,0
bcv,0
tgc,0
ktx,0
vig,0
wlo,0
bei,0
kad,0
kqw,0
xly,0
lwu,0
npy,0
glh,0
kfe,0
toi,0
vit,0
wiv,0
ycr,0
tsl,0
oos,0
kvc,0
mok,0
goq,0
knb,0
wji,0
kcf,0
bfx,0
zik,0
tii,0
nrb,0
gdn,0
tia,0
cmi,0
klj,0
rnn,0
gse,0
kig,0
app,0
rmu,0
nsq,0
tbc,0
prc,0
grw,0
zmy,0
bgl,0
aer,0
ctu,0
wap,0
mgp,0
wli,0
trt,0
gaa,0
siu,0
zoc,0
thi,0
szp,0
swg,0
xab,0
bdq,0
pmj,0
mso,0
jqr,0
wrw,0
twe,0
psg,0
mqp,0
tya,0
des,0
bif,0
yha,0
mqx,0
nxa,0
blx,0
alz,0
nok,0
uby,0
tih,0
goe,0
kcd,0
rmz,0
xwg,0
mqw,0
mot,0
cjs,0
psc,0
bjb,0
teg,0
myx,0
ung,0
spo,0
yly,0
grh,0
idb,0
akd,0
tsc,0
lar,0
siv,0
tdn,0
yky,0
myk,0
bst,0
xmn,0
naw,0
dot,0
loh,0
ycl,0
mxh,0
aqc,0
tgv,0
iff,0
vut,0
kaq,0
brt,0
laq,0
jur,0
kdw,0
ctm,0
omi,0
tnu,0
vlp,0
gsm,0
ndw,0
nof,0
amw,0
kfs,0
mxl,0
xnt,0
izr,0
sur,0
kmc,0
kko,0
ckl,0
adh,0
lmh,0
ade,0
lua,0
tgb,0
poi,0
xcy,0
dhr,0
moz,0
lrz,0
kcs,0
ngn,0
dyr,0
giq,0
dao,0
noj,0
bhs,0
cpc,0
atp,0
nmi,0
nsg,0
dua,0
yom,0
abo,0
umi,0
bfj,0
pls,0
aiq,0
say,0
dbf,0
tdm,0
thu,0
xra,0
bpr,0
wmx,0
mcw,0
kwr,0
iin,0
hto,0
lpa,0
hui,0
mds,0
tgd,0
cdi,0
loo,0
bqz,0
hob,0
bpk,0
ifb,0
mag,0
btv,0
ium,0
nbo,0
csi,0
uis,0
elh,0
pia,0
tbh,0
och,0
yuw,0
xke,0
nqy,0
rai,0
ynu,0
ijn,0
muo,0
rwa,0
kzd,0
nxx,0
phn,0
kah,0
thd,0
lkl,0
agu,0
mju,0
irk,0
snn,0
cnq,0
mmj,0
nym,0
ngu,0
yob,0
mrq,0
ril,0
idr,0
imi,0
bvj,0
thf,0
dub,0
lau,0
pio,0
crq,0
sch,0
nrz,0
oav,0
bsh,0
sqr,0
ndz,0
bzk,0
mdb,0
vmi,0
srb,0
riu,0
muz,0
hnh,0
anc,0
kjm,0
wag,0
ajz,0
bxg,0
ckz,0
jig,0
tjs,0
bhp,0
nrm,0
zxx,0
mog,0
nsn,0
nbc,0
mif,0
agv,0
sra,0
lrl,0
aba,0
sci,0
nmg,0
jnj,0
wei,0
kvm,0
wms,0
yno,0
nhp,0
zbe,0
ain,0
oks,0
tno,0
taa,0
tmm,0
cdh,0
low,0
ctd,0
thh,0
pye,0
flr,0
icl,0
iri,0
cle,0
wfg,0
dsz,0
kcy,0
kep,0
bcf,0
def,0
xgi,0
bwa,0
dsq,0
lev,0
tkt,0
baj,0
pnv,0
uwa,0
aso,0
ams,0
wlg,0
ghc,0
hur,0
urb,0
urc,0
heh,0
mae,0
coe,0
tnk,0
emn,0
une,0
pup,0
wbf,0
zoq,0
igm,0
aij,0
xpa,0
dnn,0
lrg,0
nra,0
kiq,0
kbv,0
ryu,0
kpe,0
aml,0
kiz,0
rga,0
meh,0
vmv,0
khp,0
dav,0
kyj,0
xel,0
miz,0
kzo,0
mph,0
skz,0
ehu,0
mvt,0
tuq,0
tlc,0
tip,0
gne,0
phj,0
stb,0
rgu,0
yea,0
jmd,0
luu,0
prd,0
cns,0
apx,0
onn,0
dni,0
snm,0
rsl,0
ist,0
xxr,0
yet,0
ler,0
btf,0
tvm,0
nih,0
aza,0
tis,0
kns,0
mdt,0
nbe,0
slj,0
xpz,0
lif,0
xog,0
nww,0
ssk,0
jac,0
skw,0
ikp,0
tvu,0
nvo,0
sgg,0
kcw,0
abm,0
njn,0
aha,0
sab,0
adb,0
dny,0
zum,0
stu,0
nax,0
prw,0
klm,0
tlv,0
irh,0
axe,0
bru,0
mfw,0
oia,0
lvi,0
pog,0
dme,0
bem,0
aab,0
awc,0
bej,0
xgg,0
woi,0
bjj,0
olm,0
ayi,0
mhx,0
mmh,0
twa,0
maw,0
lja,0
scx,0
tsm,0
gnm,0
klg,0
ibe,0
ubr,0
grd,0
auy,0
ite,0
bac,0
sbl,0
pmb,0
pep,0
kic,0
dui,0
sih,0
cey,0
zrn,0
alo,0
dee,0
ndy,0
bpa,0
psd,0
waa,0
hil,0
tco,0
hed,0
ndu,0
xuu,0
kmk,0
buj,0
xib,0
mgt,0
sov,0
acv,0
lmj,0
seq,0
par,0
ygp,0
lup,0
geq,0
gas,0
sgp,0
kam,0
faj,0
crn,0
kkg,0
rts,0
ahs,0
dmo,0
rpt,0
mla,0
sec,0
yiv,0
gft,0
vao,0
ttc,0
zaz,0
alq,0
kjo,0
lae,0
mpg,0
nkk,0
spx,0
vka,0
mzo,0
ide,0
btu,0
dgb,0
akk,0
dcr,0
lur,0
asi,0
rap,0
okn,0
ruq,0
oda,0
mxr,0
agi,0
lap,0
bzm,0
xmh,0
kll,0
psu,0
kki,0
lnl,0
ynn,0
bxd,0
grz,0
pkn,0
saw,0
bkc,0
bde,0
xkj,0
gwe,0
etx,0
cnl,0
cmm,0
gim,0
jgb,0
xco,0
mpv,0
ptu,0
sba,0
aoe,0
nne,0
mjx,0
kwh,0
gmv,0
kgl,0
xtj,0
tqm,0
zbl,0
jbk,0
bcr,0
icr,0
twb,0
emx,0
ssm,0
mjs,0
aiy,0
ity,0
wrk,0
kxh,0
ito,0
kzb,0
bsb,0
slu,0
zkd,0
hop,0
jaa,0
imt,0
svb,0
xow,0
cll,0
tbe,0
amc,0
ndc,0
giw,0
tsh,0
xtl,0
mce,0
gdd,0
bbd,0
cpn,0
lcd,0
xda,0
lou,0
ket,0
oak,0
cuj,0
tli,0
ush,0
nht,0
btn,0
bbj,0
tgz,0
tlp,0
vic,0
bra,0
ych,0
hps,0
mew,0
kls,0
mqs,0
wos,0
eot,0
rmb,0
xtn,0
wss,0
fom,0
tna,0
dtr,0
kim,0
gyi,0
sbr,0
arl,0
kid,0
kkb,0
kel,0
coo,0
yrw,0
yso,0
elx,0
sim,0
mjg,0
ign,0
sgh,0
trd,0
kyd,0
wyn,0
phk,0
dza,0
peq,0
tun,0
jum,0
shx,0
cpb,0
tkw,0
wmb,0
lmb,0
let,0
tmz,0
iwk,0
mdg,0
gwg,0
jua,0
lmu,0
tei,0
sja,0
ixl,0
raw,0
zor,0
mkk,0
kwb,0
pgn,0
fah,0
gmu,0
anv,0
tow,0
alh,0
ria,0
elk,0
nef,0
sda,0
mtb,0
srg,0
isa,0
kfx,0
tqt,0
dmy,0
alp,0
nxd,0
mql,0
kco,0
era,0
tds,0
tpv,0
nuc,0
ism,0
nij,0
nmh,0
kuq,0
gez,0
oml,0
crs,0
bki,0
gqu,0
mxj,0
mvy,0
kqd,0
kxc,0
idc,0
nkx,0
gnj,0
mkm,0
okk,0
pon,0
wlm,0
scv,0
kvf,0
puu,0
myj,0
lhs,0
bux,0
xkq,0
dhu,0
pce,0
gau,0
adi,0
asu,0
hao,0
len,0
dwy,0
wmg,0
pmy,0
nwy,0
ksn,0
ugh,0
mnh,0
piu,0
xgm,0
bwm,0
tnn,0
gob,0
mlf,0
tdq,0
swf,0
gnd,0
mgb,0
gat,0
mht,0
mhz,0
bwn,0
pei,0
vmq,0
upv,0
bdw,0
tbv,0
ljl,0
yoy,0
bmn,0
lmy,0
xaj,0
nun,0
doz,0
ywt,0
ktw,0
dbu,0
svx,0
mci,0
dlg,0
nej,0
nlj,0
khj,0
xkc,0
xwk,0
tsp,0
gar,0
mxb,0
tqn,0
mlo,0
dyo,0
set,0
gmy,0
bqh,0
cku,0
lcs,0
ths,0
aok,0
tax,0
jib,0
ser,0
mxw,0
rmi,0
ost,0
awk,0
kty,0
tzl,0
sxc,0
plv,0
sst,0
doa,0
try,0
hbn,0
inb,0
txs,0
swj,0
bze,0
nen,0
mgr,0
cjh,0
tqo,0
trr,0
xxk,0
kdk,0
rmm,0
ijc,0
pcb,0
bsv,0
tvi,0
aod,0
hmk,0
tqw,0
ziz,0
thr,0
bor,0
hir,0
xtp,0
dml,0
ccj,0
msk,0
txt,0
orr,0
brm,0
slw,0
ska,0
wud,0
scg,0
pek,0
bkv,0
ddw,0
mnl,0
ntg,0
ybk,0
waj,0
rir,0
mle,0
ecr,0
kbb,0
bsc,0
sru,0
job,0
hay,0
mxn,0
drq,0
unr,0
lgl,0
kkf,0
jim,0
goi,0
xce,0
pid,0
okr,0
yec,0
zmu,0
wea,0
suc,0
hig,0
yar,0
pss,0
avu,0
kkk,0
pcp,0
ybn,0
seg,0
oac,0
xki,0
pin,0
aoi,0
ape,0
psn,0
lag,0
dro,0
mtw,0
loj,0
blo,0
guo,0
anu,0
bni,0
dow,0
xht,0
btz,0
pbn,0
isn,0
sgr,0
zra,0
sny,0
wkr,0
kkx,0
xuo,0
jad,0
ywl,0
akj,0
nlm,0
srr,0
dbo,0
rji,0
gqn,0
txb,0
lie,0
doy,0
mtx,0
nwr,0
pci,0
aoz,0
pso,0
dkk,0
daw,0
klz,0
mxc,0
naa,0
taz,0
szw,0
ptw,0
nyu,0
naz,0
pno,0
bqk,0
mvb,0
thl,0
wym,0
pnj,0
lew,0
lor,0
yup,0
jmx,0
xoc,0
bcw,0
cjm,0
llx,0
mlc,0
ulc,0
ijs,0
mix,0
kti,0
pbv,0
ndf,0
nyn,0
lic,0
wbe,0
kmd,0
koe,0
tul,0
brk,0
cyo,0
bjs,0
bex,0
ddi,0
mxz,0
tim,0
pah,0
aux,0
kvd,0
hkk,0
wbw,0
bkl,0
nnw,0
yne,0
ceg,0
ymp,0
vml,0
kdc,0
jni,0
itm,0
pev,0
kny,0
esu,0
xwc,0
twp,0
csc,0
eso,0
dnr,0
cic,0
dsh,0
ekl,0
iki,0
skp,0
sau,0
lhp,0
bqd,0
nex,0
tkv,0
kyp,0
yns,0
aou,0
res,0
yes,0
pjt,0
ibm,0
swn,0
kso,0
wlr,0
kre,0
tcf,0
ibg,0
eme,0
tkr,0
deq,0
kak,0
dth,0
mff,0
bpo,0
bau,0
err,0
sbq,0
hiw,0
ddd,0
wly,0
rkw,0
hhr,0
byn,0
utp,0
lrt,0
sqn,0
blp,0
kcm,0
nms,0
mox,0
tdc,0
los,0
igw,0
mns,0
txm,0
ekg,0
rmv,0
eit,0
nqq,0
bnv,0
cni,0
liy,0
kno,0
xbc,0
cme,0
mgc,0
omr,0
dhm,0
hch,0
lvk,0
nwi,0
pez,0
sct,0
xur,0
pak,0
wem,0
tsq,0
dtt,0
axg,0
kil,0
tyh,0
mth,0
kvl,0
png,0
kja,0
hld,0
dge,0
hag,0
auq,0
bxc,0
ntx,0
okj,0
ssj,0
esm,0
mei,0
uan,0
xcg,0
bqs,0
emz,0
mty,0
kvo,0
brw,0
oin,0
ttt,0
crr,0
auo,0
mcp,0
dam,0
bay,0
wsr,0
eze,0
bmr,0
txq,0
hsh,0
neb,0
ehs,0
tpj,0
nyf,0
kkh,0
tsw,0
bgd,0
gmg,0
xrw,0
nao,0
tsg,0
yao,0
pbl,0
dse,0
gae,0
nlk,0
xsq,0
tom,0
jpr,0
rro,0
jae,0
klw,0
oor,0
ahh,0
pnz,0
mhs,0
kbl,0
ofu,0
zmb,0
txi,0
bro,0
bkp,0
goc,0
ccp,0
pib,0
sfb,0
xem,0
xmk,0
iws,0
mlw,0
ghr,0
gay,0
kxx,0
soi,0
twd,0
pdn,0
ved,0
ksf,0
cik,0
mbv,0
psi,0
wlv,0
jee,0
anr,0
mts,0
tln,0
xlb,0
mvi,0
lkt,0
yii,0
mov,0
byz,0
sxm,0
brc,0
mkc,0
tgy,0
mvn,0
ckh,0
amf,0
xky,0
tmr,0
tva,0
tgi,0
rat,0
jkr,0
brg,0
kbs,0
nnv,0
uki,0
ncn,0
nhy,0
ixc,0
smt,0
bka,0
apn,0
tcw,0
tyr,0
adt,0
pef,0
aau,0
xng,0
gzn,0
fab,0
ebu,0
kyk,0
gdj,0
hmr,0
xkb,0
imr,0
khu,0
afu,0
shp,0
slh,0
zmk,0
wdu,0
bml,0
dba,0
ggl,0
kdy,0
cet,0
kwa,0
cuu,0
mbk,0
pny,0
huv,0
stv,0
tre,0
tms,0
nrn,0
ygu,0
hbu,0
lkj,0
ipi,0
xkt,0
ldl,0
tod,0
tzh,0
zkr,0
bue,0
pht,0
dmg,0
sxo,0
agf,0
shq,0
wow,0
rob,0
wme,0
ypn,0
atu,0
txu,0
wng,0
lti,0
xsp,0
reg,0
onw,0
pkg,0
nek,0
djn,0
bbs,0
pmw,0
nsd,0
udi,0
bip,0
mfh,0
ukk,0
gdx,0
mdv,0
oko,0
mfr,0
nau,0
pww,0
smy,0
mvs,0
haq,0
cok,0
gnu,0
hrt,0
bbr,0
mtc,0
sui,0
sfw,0
ahn,0
kuy,0
mgj,0
izz,0
lku,0
xsc,0
kpn,0
bdv,0
krz,0
rgs,0
zmd,0
bbb,0
etz,0
del,0
aia,0
cuo,0
bvq,0
tku,0
cow,0
wrz,0
ngw,0
itl,0
nyq,0
dix,0
juc,0
sto,0
kaw,0
abb,0
gkd,0
ldn,0
kxf,0
bfa,0
bqr,0
yph,0
dju,0
coj,0
nrg,0
mbb,0
tsx,0
bhl,0
dwa,0
mcg,0
acu,0
dta,0
kdf,0
xgu,0
aea,0
bch,0
aem,0
frs,0
bgw,0
juy,0
hah,0
dhx,0
ney,0
net,0
sho,0
enx,0
wno,0
ngm,0
wof,0
bhc,0
xjb,0
jra,0
nzu,0
grc,0
njt,0
ggg,0
ngp,0
chc,0
ntz,0
sie,0
tkl,0
kbj,0
khs,0
yli,0
raj,0
mii,0
mtl,0
amm,0
njm,0
sac,0
ncm,0
acb,0
sgy,0
agt,0
bcb,0
pld,0
aru,0
bth,0
zmo,0
jbn,0
npu,0
zmh,0
bed,0
dmw,0
yat,0
shs,0
woa,0
nur,0
way,0
xbi,0
hvk,0
gmb,0
mra,0
duo,0
dti,0
kuv,0
yej,0
kix,0
ral,0
sbt,0
awx,0
ckv,0
lkm,0
jmn,0
ugo,0
hei,0
tev,0
etu,0
aob,0
bgf,0
lut,0
mmf,0
mky,0
xlg,0
wau,0
mhb,0
esh,0
xkx,0
njz,0
nxl,0
crx,0
gea,0
nix,0
pta,0
bns,0
uha,0
gra,0
xkr,0
srx,0
ypb,0
tzx,0
tke,0
uka,0
boe,0
yki,0
bnx,0
bir,0
tjw,0
ctc,0
lbv,0
oka,0
ega,0
pom,0
tvd,0
sbx,0
obo,0
nkf,0
mha,0
yab,0
ysr,0
ykt,0
nbw,0
ncg,0
soz,0
rsw,0
lnh,0
amg,0
too,0
ygm,0
viv,0
nbu,0
xdc,0
dwz,0
pkr,0
skf,0
brx,0
bmf,0
mtk,0
bax,0
keh,0
wec,0
ysg,0
ywa,0
jay,0
bno,0
aad,0
cvg,0
smr,0
hit,0
okc,0
swy,0
hwo,0
lel,0
aez,0
kmx,0
nfu,0
dcc,0
wbk,0
skt,0
xga,0
olu,0
dnj,0
zkk,0
kow,0
bxl,0
bym,0
bpg,0
mru,0
wkb,0
arn,0
kss,0
odu,0
xru,0
eya,0
prq,0
arv,0
sje,0
bpd,0
bin,0
sok,0
mux,0
wad,0
huy,0
plg,0
hix,0
mxi,0
ctp,0
nsr,0
byl,0
mln,0
boo,0
bdf,0
spd,0
mgo,0
ota,0
two,0
hle,0
rac,0
kdm,0
nlu,0
sgt,0
ukh,0
lid,0
bfr,0
ikr,0
wdt,0
huc,0
ndq,0
caz,0
sdu,0
bqu,0
igg,0
kqs,0
tok,0
hib,0
chj,0
mdm,0
kxt,0
jic,0
krp,0
kcn,0
kvt,0
bzx,0
cga,0
kkc,0
dda,0
bow,0
mdj,0
mga,0
wlc,0
xor,0
xmq,0
trq,0
bjl,0
bhj,0
tgo,0
sei,0
pna,0
cob,0
syc,0
cax,0
lgu,0
mio,0
tbi,0
oui,0
jul,0
asj,0
lwl,0
ktg,0
gyr,0
bhb,0
kce,0
olr,0
bvp,0
ihb,0
ran,0
nla,0
xyl,0
nwo,0
bdz,0
wiy,0
bnl,0
aui,0
phl,0
hts,0
cta,0
krf,0
avo,0
ppm,0
hal,0
sqk,0
beb,0
kto,0
psh,0
noh,0
kva,0
tql,0
bkg,0
mlz,0
bgx,0
mpx,0
wul,0
sns,0
nag,0
nll,0
lso,0
amo,0
lkh,0
enf,0
xpx,0
ekp,0
org,0
chd,0
kdp,0
ckr,0
xwd,0
tdv,0
cdj,0
mki,0
bkw,0
bbw,0
wsu,0
ljw,0
bge,0
avb,0
jiu,0
bhx,0
loc,0
uve,0
sza,0
wbt,0
bvr,0
bon,0
htu,0
nha,0
ten,0
eza,0
thy,0
tex,0
djb,0
aaq,0
top,0
bpp,0
mjn,0
ggd,0
puw,0
mgh,0
shc,0
lcq,0
kvg,0
aon,0
hss,0
ter,0
kcc,0
gup,0
xin,0
zmg,0
tck,0
mwf,0
xaa,0
xmr,0
scp,0
xcr,0
ttr,0
gnz,0
sdo,0
wtf,0
gri,0
roo,0
myc,0
ndr,0
gil,0
gyz,0
rnp,0
sav,0
ikk,0
apv,0
mvz,0
ddg,0
tye,0
nwe,0
lbj,0
cds,0
mdu,0
biy,0
ani,0
sen,0
anb,0
koo,0
jka,0
oma,0
sdg,0
rme,0
nsh,0
maa,0
cwa,0
djf,0
jdg,0
srf,0
erk,0
mmx,0
xnq,0
xdq,0
bss,0
niz,0
mqy,0
mtd,0
ynk,0
byj,0
aly,0
tzm,0
mzg,0
mxo,0
ote,0
keb,0
ahl,0
hul,0
bgy,0
lei,0
akm,0
wnb,0
ymm,0
waz,0
kjq,0
bzi,0
tij,0
she,0
aji,0
lrr,0
gvm,0
xvo,0
epi,0
bzh,0
mfu,0
vel,0
sou,0
sbu,0
pub,0
mzx,0
dof,0
kct,0
tlo,0
wmi,0
bww,0
pnc,0
nmr,0
tdj,0
gmd,0
kfz,0
jos,0
zbu,0
cpy,0
gyd,0
rnl,0
jao,0
xhv,0
dox,0
nbi,0
bqy,0
bjy,0
swx,0
log,0
lea,0
mvo,0
lhm,0
xmu,0
nsa,0
luz,0
cko,0
tca,0
bwf,0
inp,0
tkf,0
dia,0
byt,0
afg,0
opy,0
apb,0
bsw,0
jbe,0
bdo,0
mxg,0
lbb,0
tml,0
blv,0
mic,0
zwa,0
kjj,0
alk,0
bvf,0
yka,0
lsr,0
trc,0
vau,0
pbf,0
wuv,0
kzp,0
ogg,0
csy,0
mqb,0
tri,0
mct,0
blb,0
stl,0
sop,0
nks,0
snj,0
vah,0
nnp,0
snc,0
ekr,0
dds,0
bly,0
krw,0
zro,0
yik,0
sgi,0
nyl,0
itb,0
bhm,0
bfn,0
oar,0
bid,0
pad,0
tcm,0
mxu,0
mam,0
bok,0
tyi,0
kgs,0
xml,0
ncj,0
daz,0
lem,0
kju,0
ply,0
naj,0
jal,0
tui,0
cfm,0
ino,0
ail,0
nnz,0
sej,0
nkj,0
vkm,0
bsx,0
apt,0
srv,0
kld,0
sol,0
akc,0
pys,0
haf,0
cyb,0
wir,0
lna,0
awo,0
lbo,0
dbw,0
knk,0
kyn,0
rsm,0
css,0
kme,0
kgo,0
tsz,0
xgf,0
kxz,0
gov,0
bmj,0
krk,0
afd,0
sjl,0
oym,0
ccc,0
nly,0
unn,0
mgk,0
ipo,0
ems,0
xpc,0
pex,0
smw,0
wnk,0
gsn,0
nyt,0
xvn,0
brd,0
atd,0
wbp,0
gwu,0
xkl,0
cup,0
bmh,0
myp,0
dob,0
gsp,0
bnz,0
ndi,0
cnk,0
jii,0
ads,0
aqr,0
mnm,0
gop,0
bpm,0
omo,0
plz,0
fod,0
mko,0
pkb,0
yaf,0
mjh,0
nbp,0
wyi,0
mum,0
six,0
iar,0
amr,0
nni,0
sqq,0
hom,0
djd,0
gai,0
smq,0
uth,0
row,0
kot,0
snf,0
kwc,0
akb,0
yir,0
wkd,0
sbj,0
bsr,0
dtm,0
vnm,0
kbr,0
kej,0
yot,0
kpw,0
hos,0
mfn,0
tsb,0
owi,0
dgs,0
kzy,0
zen,0
mtp,0
ksz,0
rwl,0
cth,0
shm,0
tpg,0
djj,0
aen,0
dbl,0
jun,0
nce,0
msy,0
zla,0
sbv,0
bfp,0
noq,0
nwm,0
nqk,0
atk,0
bte,0
eli,0
nxg,0
ank,0
ajn,0
bjf,0
aum,0
fag,0
imo,0
xtu,0
blw,0
xks,0
itw,0
pgg,0
tbn,0
mea,0
bwe,0
pwo,0
dtk,0
zku,0
auj,0
oco,0
lls,0
ybe,0
gby,0
mzv,0
hoe,0
abq,0
mcc,0
eve,0
xnj,0
cgg,0
ytp,0
nvm,0
kyf,0
ctl,0
rkh,0
dim,0
aaf,0
bxn,0
opk,0
kcz,0
szb,0
tos,0
ptq,0
hii,0
bzs,0
tio,0
faa,0
gdr,0
wsk,0
tac,0
tgr,0
liz,0
kfu,0
ogb,0
nse,0
sjg,0
adx,0
kbn,0
pyy,0
gia,0
xyy,0
oaa,0
xbn,0
nim,0
yhl,0
gye,0
wnm,0
gef,0
ukv,0
lmx,0
inl,0
sip,0
weo,0
mrg,0
mdp,0
krr,0
kjc,0
uum,0
aby,0
bmw,0
prx,0
tcn,0
rib,0
dez,0
hwc,0
men,0
tcb,0
ldj,0
abg,0
keq,0
yon,0
url,0
wih,0
wnw,0
zmf,0
mjr,0
nnb,0
toy,0
kzu,0
klq,0
geb,0
eiv,0
mgy,0
luy,0
afs,0
rka,0
lng,0
osn,0
lnn,0
onp,0
pnm,0
kkd,0
hpo,0
abr,0
btt,0
fay,0
bfi,0
gey,0
pig,0
tjn,0
mab,0
npb,0
cnu,0
xbe,0
mvv,0
scb,0
btr,0
yda,0
axl,0
lsd,0
soa,0
lnj,0
ypg,0
pda,0
jrb,0
pdo,0
dwr,0
ymi,0
bfy,0
sga,0
lbr,0
xep,0
kdu,0
ire,0
bfe,0
spr,0
haj,0
xta,0
deh,0
lum,0
lst,0
xap,0
bun,0
btg,0
xph,0
jab,0
nct,0
azg,0
tdg,0
gml,0
bwg,0
ccg,0
iti,0
csa,0
yta,0
trx,0
bza,0
tll,0
und,0
bek,0
sxb,0
syw,0
kga,0
ahg,0
urn,0
cjp,0
prf,0
mmt,0
bcq,0
sea,0
vto,0
wrv,0
lhn,0
mnv,0
bju,0
mtg,0
alm,0
oyd,0
pne,0
njs,0
tef,0
aix,0
yip,0
xzp,0
kba,0
tte,0
cly,0
csz,0
mqh,0
cih,0
mwv,0
nhx,0
smg,0
tyt,0
ylo,0
buy,0
lns,0
tdi,0
ksb,0
nmj,0
nca,0
lbc,0
kmi,0
szs,0
xrm,0
yua,0
goz,0
dgd,0
ylg,0
rak,0
snw,0
uro,0
whg,0
yai,0
sth,0
cdy,0
ktb,0
brf,0
mgg,0
ays,0
smb,0
wuy,0
ayo,0
koq,0
abj,0
mwh,0
ygw,0
amy,0
mvl,0
azm,0
cnc,0
sjb,0
xxm,0
sjr,0
mie,0
byb,0
mvp,0
hij,0
gbv,0
hrx,0
vgt,0
med,0
khw,0
mll,0
dbd,0
kbe,0
sva,0
urx,0
njx,0
gtu,0
lse,0
eke,0
lht,0
lpx,0
kiw,0
fie,0
fli,0
sgb,0
goj,0
bti,0
arr,0
kda,0
aht,0
jjr,0
wik,0
dir,0
syx,0
sly,0
ahr,0
lcl,0
stw,0
omu,0
nxn,0
ebg,0
zbw,0
tnq,0
chw,0
dac,0
tsv,0
msj,0
kvu,0
sve,0
ott,0
bkr,0
ifa,0
vmb,0
rej,0
djm,0
bzr,0
sad,0
ont,0
wax,0
ikl,0
nss,0
cnh,0
yol,0
acl,0
can,0
biz,0
afi,0
idt,0
vas,0
aoj,0
fnb,0
agz,0
akz,0
hug,0
swt,0
ymd,0
hrz,0
adq,0
kdr,0
dmc,0
sma,0
cib,0
cst,0
xmy,0
yad,0
yuk,0
mzu,0
shr,0
pha,0
nhv,0
kta,0
kxp,0
gdt,0
pwb,0
gbw,0
buz,0
mbd,0
tmi,0
yux,0
bhv,0
kxa,0
mou,0
jhs,0
nbn,0
bal,0
yxl,0
sxl,0
kbh,0
xcw,0
and,0
xpt,0
abi,0
ttj,0
kec,0
kpc,0
kya,0
caj,0
mmi,0
pee,0
mmn,0
otq,0
lbn,0
uma,0
kkp,0
grx,0
cbd,0
yvt,0
bnm,0
biw,0
sdq,0
tns,0
bbn,0
nxr,0
kyw,0
coz,0
inz,0
one,0
lbs,0
bjw,0
ort,0
uga,0
xtv,0
sjn,0
abc,0
mat,0
kmo,0
mgw,0
nbd,0
bnd,0
hlu,0
ijj,0
mfd,0
bbh,0
tvw,0
pbm,0
dlk,0
knw,0
fla,0
evn,0
ywg,0
onb,0
hrc,0
oti,0
cjo,0
bcy,0
tzo,0
myz,0
dso,0
sxk,0
wdy,0
bry,0
yuz,0
cie,0
mrn,0
etc,0
mvk,0
kcp,0
tlf,0
kup,0
cmt,0
upi,0
cxh,0
bhd,0
aqz,0
sij,0
akp,0
ncb,0
xub,0
tju,0
bwk,0
mne,0
ack,0
tkp,0
hgm,0
myu,0
dgx,0
ssn,0
qwt,0
xkn,0
vaj,0
rnb,0
kud,0
tpo,0
ddr,0
cuc,0
xpk,0
gin,0
rey,0
goy,0
mxd,0
lpo,0
gbk,0
bys,0
tma,0
dul,0
xbb,0
dgh,0
uji,0
zia,0
rem,0
vkl,0
jiy,0
ksw,0
bvy,0
asf,0
njr,0
peh,0
amv,0
nem,0
yaw,0
cpg,0
nui,0
xko,0
kbx,0
pbr,0
twc,0
buk,0
nay,0
add,0
sis,0
vor,0
cja,0
mqv,0
udg,0
kts,0
aog,0
mtf,0
asn,0
pze,0
bft,0
blz,0
bnr,0
knt,0
lml,0
crc,0
tlm,0
nas,0
xak,0
kjr,0
muh,0
wet,0
bdg,0
buq,0
dhs,0
zdj,0
jud,0
sir,0
mub,0
kho,0
gnn,0
bxa,0
cdm,0
sgx,0
trp,0
kht,0
nsx,0
knm,0
clo,0
cot,0
mzs,0
lbi,0
tew,0
toj,0
kvp,0
ryn,0
cty,0
pcg,0
wij,0
mfp,0
ark,0
tbg,0
ndv,0
gwf,0
ykg,0
mtj,0
ifk,0
dyn,0
pmo,0
hue,0
pnw,0
ggk,0
muy,0
ngi,0
miy,0
pgi,0
rea,0
frd,0
pks,0
bjv,0
doq,0
ulf,0
odt,0
meb,0
nhh,0
blf,0
ufi,0
hih,0
sel,0
bom,0
ndj,0
rei,0
rhg,0
sjt,0
lsy,0
kbm,0
tbt,0
pni,0
ncr,0
alr,0
skj,0
moq,0
asw,0
sta,0
zal,0
drs,0
pbi,0
uur,0
ukp,0
sdl,0
ulu,0
rog,0
lxm,0
iyo,0
prt,0
byp,0
ikw,0
vot,0
bqb,0
umb,0
cjn,0
kwj,0
ltc,0
gvc,0
tjg,0
xna,0
phw,0
kkj,0
yut,0
nkg,0
its,0
xkg,0
ulm,0
mfy,0
bmz,0
bdj,0
ndp,0
awr,0
lot,0
xns,0
gmr,0
lky,0
gvj,0
ubi,0
wpc,0
sck,0
cgc,0
xrb,0
cte,0
bwx,0
bxq,0
juu,0
nyc,0
phh,0
smm,0
mev,0
wnc,0
abu,0
qvy,0
mej,0
bkh,0
ppo,0
lmi,0
btc,0
ruf,0
dzn,0
bhg,0
sti,0
dhn,0
kgq,0
haz,0
xkk,0
gew,0
kuh,0
adu,0
frk,0
xeg,0
kjt,0
gbe,0
yit,0
kvy,0
piz,0
kmq,0
xku,0
knl,0
kyg,0
nuo,0
lhh,0
nhc,0
aek,0
geh,0
pwg,0
cui,0
nho,0
tlr,0
gho,0
mer,0
mvd,0
ldm,0
tni,0
arw,0
nlc,0
xpo,0
orz,0
sgu,0
kay,0
van,0
dto,0
pbh,0
gww,0
nkp,0
wtw,0
ksl,0
wbj,0
wat,0
fkv,0
ckm,0
nzr,0
oso,0
chh,0
bnk,0
lka,0
brz,0
swp,0
raq,0
huf,0
adn,0
moy,0
ans,0
aua,0
xvs,0
csh,0
ktu,0
pmz,0
spb,0
mrz,0
jkm,0
usi,0
pch,0
xln,0
dyg,0
tda,0
btq,0
ife,0
aku,0
skn,0
mor,0
twu,0
bnp,0
bdl,0
mqm,0
zhw,0
cdr,0
bsu,0
ksp,0
hrk,0
kut,0
dec,0
unx,0
kbk,0
wux,0
ata,0
njy,0
ayg,0
bzj,0
gjn,0
mjy,0
paw,0
ari,0
sey,0
slc,0
bgi,0
yeu,0
ngq,0
nua,0
yau,0
iko,0
aja,0
cod,0
cya,0
mlr,0
dsl,0
msq,0
omw,0
nsi,0
unu,0
gnc,0
tof,0
csk,0
ckt,0
bgz,0
zem,0
ass,0
glr,0
zmq,0
obm,0
puj,0
tkd,0
srk,0
bup,0
ksx,0
tbw,0
kne,0
ktl,0
int,0
kul,0
lbq,0
gke,0
xct,0
cid,0
poh,0
apg,0
kof,0
pwr,0
mrf,0
tux,0
byh,0
snu,0
ofo,0
taj,0
krd,0
rod,0
tfr,0
dru,0
sdp,0
liq,0
neh,0
tmn,0
mgq,0
isi,0
sak,0
aof,0
inn,0
bva,0
lmr,0
kfm,0
bmu,0
nfr,0
nsk,0
xrt,0
pmh,0
jng,0
onr,0
noc,0
bqw,0
mtu,0
gko,0
kkn,0
sts,0
mys,0
kji,0
kwp,0
psq,0
eky,0
lnm,0
cky,0
vay,0
kxw,0
huk,0
phq,0
hkh,0
bnq,0
xsn,0
swb,0
byc,0
mfl,0
jks,0
pnn,0
ttg,0
uba,0
das,0
vsv,0
sax,0
hke,0
xxb,0
gnt,0
wgg,0
xnu,0
dij,0
xnh,0
gdi,0
kdl,0
kcu,0
bxi,0
mqc,0
hem,0
kmt,0
akr,0
bvk,0
llp,0
ldb,0
bdd,0
raa,0
hoi,0
ahi,0
afn,0
nsv,0
srm,0
hub,0
orx,0
rmq,0
bio,0
mpm,0
tgs,0
ada,0
xch,0
zmz,0
wla,0
inm,0
tmb,0
klh,0
xwt,0
kzc,0
fer,0
xaq,0
sht,0
mfc,0
fun,0
jor,0
nqn,0
slx,0
scw,0
ldq,0
kka,0
bwz,0
juo,0
kff,0
cnb,0
vme,0
abl,0
kjv,0
zns,0
bxp,0
hio,0
mpa,0
cwe,0
krv,0
bng,0
ymq,0
atg,0
uge,0
myl,0
amt,0
xdo,0
bht,0
teh,0
ruc,0
zeg,0
agn,0
emi,0
nar,0
fal,0
weg,0
wmd,0
rmp,0
wnp,0
tpp,0
mop,0
kfa,0
gvp,0
kxi,0
kmb,0
nnu,0
bep,0
nko,0
osc,0
mvr,0
lek,0
njb,0
kyh,0
adz,0
ngh,0
bjh,0
ole,0
snx,0
dae,0
gvf,0
kyl,0
lmk,0
mjb,0
nhk,0
fro,0
kyx,0
afo,0
sam,0
ctt,0
bcd,0
jen,0
tic,0
ypo,0
gdl,0
pme,0
dgn,0
laa,0
pyx,0
nbs,0
bbk,0
hla,0
chz,0
lmp,0
tlb,0
kps,0
osa,0
xul,0
xae,0
bci,0
cmg,0
kkw,0
knf,0
mez,0
eee,0
nzm,0
brv,0
nog,0
kky,0
kwi,0
xqa,0
woo,0
omc,0
mrm,0
psm,0
crb,0
rnw,0
yei,0
oyb,0
ets,0
dmb,0
mkw,0
jrr,0
apz,0
gld,0
pdu,0
yiz,0
umr,0
yga,0
awg,0
psa,0
tsu,0
kgw,0
hbo,0
duf,0
plq,0
wgi,0
nsy,0
dnu,0
slm,0
dne,0
sys,0
zbt,0
obt,0
wgo,0
yub,0
lgt,0
cwt,0
kri,0
asr,0
kze,0
zrp,0
iou,0
ydg,0
ndx,0
pmd,0
kfl,0
dux,0
ers,0
bhh,0
mpp,0
keu,0
pdi,0
ncc,0
suo,0
rtw,0
bfg,0
mhd,0
nlg,0
sxr,0
aes,0
tjp,0
usk,0
mjv,0
bao,0
nuh,0
ues,0
mho,0
xsu,0
hca,0
xpb,0
bvi,0
mmg,0
kxr,0
xpn,0
cbc,0
mip,0
pim,0
gde,0
clk,0
akq,0
knq,0
kdd,0
dax,0
yln,0
suj,0
xkv,0
akg,0
mmy,0
tbd,0
vap,0
byv,0
duy,0
nyg,0
xut,0
dyi,0
tcp,0
kpb,0
xnn,0
hoz,0
dno,0
erh,0
ttb,0
glc,0
mjm,0
gih,0
kai,0
wab,0
ktm,0
tgt,0
tvt,0
vmm,0
pur,0
tuf,0
mjc,0
nsu,0
nuw,0
kpm,0
kml,0
nib,0
kde,0
tny,0
rjg,0
lki,0
pcj,0
nes,0
tpt,0
spi,0
vkn,0
bld,0
ess,0
mit,0
mah,0
swr,0
xoo,0
itt,0
xte,0
rzh,0
stt,0
bxs,0
lof,0
otk,0
sko,0
wxa,0
bfc,0
jnl,0
kxj,0
ypp,0
hlt,0
kzr,0
nhz,0
mom,0
tlt,0
xbm,0
mfs,0
vmh,0
mym,0
koh,0
sux,0
svk,0
boh,0
mnc,0
ikx,0
jup,0
gii,0
kmh,0
kfq,0
bsy,0
ysp,0
nml,0
ghe,0
mvh,0
npg,0
apw,0
plo,0
waw,0
lre,0
sxn,0
aan,0
wba,0
aee,0
kwt,0
mkg,0
lwo,0
squ,0
njj,0
nlz,0
sef,0
sld,0
tpe,0
kit,0
sjs,0
siy,0
gdg,0
har,0
btx,0
jit,0
doo,0
xam,0
lok,0
cdf,0
tmt,0
dgl,0
kly,0
chk,0
bhy,0
msn,0
kqg,0
buh,0
mdr,0
jus,0
phv,0
jei,0
kod,0
gcn,0
yul,0
grm,0
tdt,0
abs,0
omt,0
yre,0
shj,0
lgm,0
xlo,0
str,0
kip,0
bsp,0
ykr,0
yaq,0
brj,0
kkl,0
bkf,0
kew,0
pau,0
mdi,0
yku,0
nkn,0
rwm,0
cbo,0
ttw,0
kzk,0
kgt,0
nmp,0
bvv,0
mpr,0
muv,0
wni,0
kpt,0
erw,0
bwp,0
ssy,0
dhv,0
nkv,0
bdp,0
pyn,0
knx,0
mks,0
yog,0
kfn,0
vmr,0
gbb,0
ldg,0
bgb,0
wam,0
aqp,0
ncs,0
apk,0
dok,0
nei,0
xpf,0
bhe,0
sku,0
xth,0
kwd,0
ntm,0
ato,0
bas,0
czn,0
qya,0
mwq,0
lje,0
tvo,0
loz,0
sbz,0
ssl,0
enq,0
nmu,0
knu,0
bji,0
lee,0
khn,0
blr,0
fos,0
bbp,0
bjk,0
cms,0
ohu,0
etn,0
lll,0
agh,0
sbk,0
tmf,0
mkp,0
suz,0
mkf,0
tcu,0
osp,0
uri,0
baa,0
ukg,0
duv,0
ure,0
lom,0
mwa,0
cuw,0
sbp,0
dzg,0
lsb,0
lio,0
kuk,0
tsd,0
ktt,0
mnb,0
tpk,0
msf,0
csf,0
xir,0
nyv,0
tbm,0
twt,0
ngd,0
mqa,0
dtu,0
gvs,0
juw,0
dio,0
ggw,0
muu,0
imn,0
bme,0
mbs,0
bzb,0
mkv,0
azn,0
cbb,0
wtk,0
maf,0
mwp,0
rub,0
www,0
ymr,0
waq,0
zim,0
krx,0
pkh,0
xcc,0
nyi,0
nbq,0
xsh,0
fni,0
ctz,0
dun,0
cht,0
mmw,0
hka,0
mzd,0
pri,0
tif,0
jas,0
mqe,0
tjm,0
xto,0
pru,0
amp,0
atm,0
juh,0
maq,0
hoh,0
dkg,0
lga,0
ymh,0
uam,0
yok,0
loe,0
mmp,0
abn,0
ama,0
bjc,0
nrp,0
ify,0
nmb,0
kpo,0
duk,0
isd,0
tou,0
bdc,0
wnn,0
xoi,0
nev,0
wut,0
kgk,0
kci,0
sdz,0
wga,0
ymg,0
giz,0
ybi,0
kbz,0
sep,0
nrk,0
mba,0
nql,0
fax,0
gly,0
xmt,0
ebo,0
nzb,0
ymk,0
dja,0
kzq,0
kzv,0
lia,0
egy,0
bqn,0
brr,0
ora,0
tsr,0
byq,0
fuy,0
bms,0
acf,0
ggt,0
ymo,0
dva,0
kdn,0
vra,0
sse,0
ptv,0
syb,0
vrs,0
emg,0
pmi,0
cbs,0
bqp,0
tci,0
wac,0
kjy,0
yig,0
fit,0
mey,0
suv,0
xpq,0
ldk,0
xbo,0
lib,0
vjk,0
stk,0
ulw,0
vmk,0
bzd,0
dma,0
llq,0
krh,0
pop,0
tve,0
lvu,0
tpr,0
mih,0
cad,0
krb,0
cra,0
yix,0
pox,0
zib,0
dis,0
mcm,0
mrk,0
ncz,0
njo,0
msv,0
aio,0
box,0
maj,0
wuh,0
nec,0
bwi,0
wbl,0
mes,0
zga,0
mak,0
lya,0
but,0
kmz,0
vmj,0
vmx,0
nif,0
bof,0
xom,0
cbg,0
ytl,0
tan,0
gwi,0
mib,0
ood,0
aqn,0
onj,0
sua,0
nug,0
dbn,0
eaa,0
nit,0
wha,0
anf,0
kpj,0
kjn,0
mbo,0
rnd,0
gir,0
ayt,0
cpi,0
ash,0
msm,0
coh,0
mwr,0
nhg,0
mml,0
hre,0
mhu,0
tcc,0
opm,0
qua,0
nae,0
ylm,0
okg,0
bmk,0
rax,0
lgk,0
hhy,0
fuu,0
keg,0
ish,0
tcs,0
cmr,0
sut,0
unz,0
mxp,0
wbi,0
isg,0
tlx,0
mmc,0
snv,0
kaj,0
fau,0
crw,0
onu,0
myh,0
ciy,0
lab,0
kcb,0
ghh,0
miw,0
ivb,0
nhu,0
atv,0
nge,0
bxb,0
bmi,0
gaf,0
lhi,0
kih,0
soj,0
byg,0
jko,0
kla,0
ong,0
cak,0
bum,0
ihi,0
oum,0
bsi,0
elm,0
sbh,0
utr,0
dbr,0
uks,0
mpd,0
djo,0
bav,0
wur,0
kuf,0
jeh,0
lfa,0
ysd,0
teu,0
kmw,0
seo,0
tyz,0
cbi,0
zmc,0
zun,0
cab,0
apf,0
ilm,0
ywr,0
jeu,0
omy,0
tov,0
agy,0
lni,0
nsz,0
uru,0
tik,0
win,0
cby,0
hrp,0
mbr,0
mhc,0
nng,0
cut,0
kru,0
mpj,0
sos,0
ytw,0
kks,0
rxw,0
twh,0
tth,0
bfu,0
mxa,0
moe,0
tuj,0
xsb,0
mbz,0
nod,0
gdc,0
noi,0
ukw,0
ynl,0
lwa,0
cro,0
xwo,0
woe,0
hud,0
lov,0
seh,0
qum,0
dyd,0
tyu,0
qxs,0
ura,0
yyr,0
mqn,0
aqm,0
iks,0
mcd,0
mep,0
sha,0
ybh,0
wsa,0
ski,0
bzl,0
gyn,0
gof,0
tqr,0
sao,0
xon,0
nrc,0
haa,0
zna,0
mpu,0
dif,0
jbr,0
gyb,0
akh,0
brp,0
mpl,0
git,0
rri,0
leo,0
sll,0
xkd,0
lwh,0
dbt,0
yww,0
xwl,0
ccr,0
zil,0
wyy,0
srw,0
gnb,0
rah,0
nac,0
gow,0
dws,0
bdu,0
law,0
lus,0
csr,0
nmn,0
ybx,0
bri,0
pho,0
ror,0
cli,0
leu,0
sge,0
xno,0
mlh,0
pcl,0
ich,0
mbn,0
lub,0
mjd,0
sfe,0
nxo,0
nsm,0
vnp,0
urt,0
rwo,0
rma,0
kte,0
kuw,0
ndt,0
kws,0
nga,0
dts,0
roc,0
paz,0
kiv,0
lej,0
tkx,0
byd,0
sls,0
kmn,0
moh,0
gaw,0
llf,0
tgj,0
crg,0
sqs,0
leb,0
nnd,0
nch,0
ala,0
gum,0
zkg,0
pka,0
glo,0
ren,0
bwo,0
blh,0
tez,0
arc,0
ewo,0
hot,0
btd,0
wib,0
dgw,0
ena,0
phm,0
lgz,0
aci,0
xet,0
tit,0
cof,0
jms,0
mdy,0
faf,0
scf,0
avn,0
lay,0
ore,0
vav,0
kop,0
tuz,0
tyl,0
nnk,0
fgr,0
pma,0
yko,0
mfq,0
nzi,0
ant,0
bvt,0
tfo,0
akt,0
lme,0
lud,0
pmt,0
ojv,0
tqq,0
ksy,0
bap,0
sgz,0
ydk,0
mch,0
ylr,0
msz,0
tyj,0
the,0
etb,0
ksd,0
mzw,0
mbq,0
ghs,0
mkq,0
gdh,0
lbz,0
odk,0
moa,0
kbg,0
jah,0
ycp,0
xcv,0
snq,0
avv,0
gvl,0
yba,0
bwq,0
kcl,0
ksq,0
ije,0
eip,0
aws,0
lji,0
puo,0
kcj,0
plb,0
ifu,0
azd,0
cuk,0
ppu,0
spq,0
hba,0
llm,0
xed,0
xjt,0
ssu,0
lli,0
xug,0
kgr,0
vun,0
slt,0
klr,0
syo,0
bga,0
hhi,0
sgm,0
afh,0
xls,0
sxs,0
dna,0
kft,0
ymn,0
ray,0
yal,0
car,0
zkn,0
zkp,0
kdq,0
mpo,0
agc,0
gwb,0
kub,0
bbu,0
lwt,0
jaq,0
wav,0
pif,0
vaf,0
mgn,0
lcm,0
bzu,0
rjs,0
jct,0
chg,0
mbp,0
mte,0
rkt,0
xcu,0
ude,0
myr,0
sev,0
tbr,0
diz,0
mvg,0
pgs,0
thq,0
tdo,0
mzt,0
doc,0
bxe,0
xmd,0
xpu,0
idu,0
nhn,0
xiv,0
aky,0
clt,0
tgw,0
gzi,0
lan,0
khe,0
sps,0
dmr,0
bqo,0
erg,0
uiv,0
ksm,0
xsa,0
mge,0
jml,0
awn,0
fak,0
xaw,0
isu,0
lma,0
ndg,0
vmw,0
bgg,0
mxs,0
aic,0
wnd,0
xcl,0
pmr,0
mti,0
kbw,0
zsl,0
lnu,0
bvx,0
nxk,0
diu,0
una,0
ske,0
tpz,0
lal,0
gbu,0
otz,0
aty,0
mis,0
sss,0
bpq,0
cux,0
bmd,0
xop,0
bma,0
twm,0
kms,0
wlk,0
spt,0
hya,0
bll,0
kdh,0
sds,0
mwn,0
kis,0
kwo,0
bku,0
byk,0
auw,0
khr,0
yum,0
soh,0
jil,0
dkx,0
ona,0
mij,0
kea,0
wbm,0
ttd,0
boy,0
glb,0
sde,0
bse,0
miu,0
bwy,0
xmx,0
gmh,0
pdt,0
ttv,0
bpj,0
oht,0
wed,0
tra,0
nnq,0
ppe,0
ykn,0
wci,0
faz,0
nmm,0
rkm,0
hna,0
zne,0
sar,0
otn,0
krn,0
kql,0
cam,0
osi,0
sdx,0
amj,0
ggu,0
mgl,0
itk,0
gac,0
boj,0
lih,0
jek,0
mbf,0
gol,0
xgw,0
nyy,0
bbo,0
arh,0
yin,0
nyr,0
kra,0
gbi,0
yer,0
yaa,0
omb,0
swk,0
sug,0
ugb,0
kem,0
tpm,0
ima,0
hux,0
xpd,0
apj,0
bes,0
nuq,0
lcc,0
tbp,0
xka,0
yis,0
gza,0
dlm,0
gwa,0
pmn,0
ssg,0
bxz,0
hoc,0
acz,0
vkz,0
phd,0
xum,0
fan,0
bzy,0
xny,0
sjm,0
kuj,0
rxd,0
yby,0
awb,0
has,0
nba,0
wka,0
pxm,0
sky,0
opo,0
ddj,0
umn,0
wrr,0
cfa,0
sry,0
yuj,0
xma,0
grq,0
ltu,0
atc,0
fss,0
itx,0
pnr,0
sig,0
tcd,0
bgc,0
mpq,0
kqk,0
myg,0
mzq,0
zml,0
zah,0
hmf,0
leh,0
tgn,0
dei,0
bfb,0
lln,0
eki,0
caq,0
ngc,0
kfk,0
nqm,0
wmh,0
bbt,0
xas,0
not,0
xkw,0
tbl,0
mka,0
mbh,0
trl,0
otb,0
bty,0
mhq,0
pym,0
zmr,0
bix,0
bpe,0
ait,0
tdy,0
slr,0
miq,0
uar,0
xvi,0
saq,0
plc,0
bgt,0
cuh,0
tmy,0
mcl,0
swo,0
hne,0
old,0
grr,0
pok,0
pua,0
iqu,0
bmp,0
pow,0
gqa,0
sjp,0
tcg,0
sym,0
pwm,0
mil,0
mzz,0
moc,0
tuc,0
ibb,0
yzk,0
pby,0
kvv,0
apm,0
ibu,0
nak,0
kdz,0
bvn,0
mia,0
zmm,0
kwl,0
cda,0
tza,0
saa,0
mqi,0
gym,0
ecs,0
acp,0
txx,0
iru,0
csq,0
acr,0
otd,0
clu,0
mxv,0
bhi,0
pfe,0
lex,0
fiw,0
pbc,0
bah,0
kfo,0
nlq,0
auc,0
plu,0
mbm,0
iya,0
ury,0
bqf,0
ask,0
shv,0
tgf,0
yme,0
bmg,0
cng,0
ktf,0
mgm,0
dnd,0
dhl,0
wne,0
kdj,0
atr,0
swl,0
gdu,0
dmu,0
kfd,0
tyy,0
aki,0
abf,0
mik,0
arx,0
nph,0
xcm,0
hks,0
bye,0
bbe,0
irx,0
kbi,0
blc,0
ibr,0
pnh,0
mpe,0
swu,0
tpc,0
llu,0
kyz,0
hve,0
xpw,0
bou,0
goo,0
skh,0
xwa,0
klt,0
lhu,0
ckn,0
xnm,0
jkp,0
obl,0
ilg,0
owl,0
mke,0
tww,0
gqi,0
aaa,0
coq,0
otl,0
msw,0
bfq,0
gdm,0
kaf,0
wrb,0
bnj,0
yrm,0
awy,0
asb,0
dop,0
ako,0
asq,0
dsk,0
nhf,0
zay,0
sxg,0
frt,0
snl,0
koz,0
mwo,0
iry,0
lgh,0
noe,0
aif,0
siw,0
lzn,0
mdk,0
efi,0
csx,0
szv,0
xud,0
lvl,0
cub,0
xmp,0
yde,0
xer,0
dhw,0
sgk,0
dre,0
kwk,0
bgr,0
uku,0
hik,0
tbj,0
csd,0
mek,0
enw,0
wdg,0
mnn,0
kee,0
bvo,0
aak,0
ing,0
anw,0
ald,0
zaj,0
mzk,0
awu,0
fir,0
doi,0
fcs,0
fln,0
wmm,0
xlp,0
kna,0
ghn,0
gxx,0
alu,0
mfj,0
mnu,0
phg,0
yur,0
kii,0
zrs,0
kys,0
elo,0
nxi,0
ukl,0
asa,0
mfo,0
agq,0
csm,0
mre,0
lgg,0
auh,0
nli,0
nea,0
bgu,0
pwa,0
myf,0
ssp,0
kqn,0
ogu,0
buu,0
ojp,0
emw,0
cnt,0
ghk,0
mye,0
dnt,0
huh,0
jbi,0
tkz,0
cbn,0
env,0
luc,0
dal,0
wog,0
mna,0
drc,0
sqx,0
pgz,0
sbc,0
xbw,0
nmy,0
nkb,0
cea,0
gmz,0
nny,0
ksg,0
ble,0
muc,0
dau,0
gis,0
urf,0
mpk,0
kym,0
yan,0
weu,0
bsg,0
ntj,0
ado,0
aun,0
con,0
sed,0
udj,0
bwj,0
bbi,0
rtc,0
shz,0
suq,0
spg,0
xrd,0
kgy,0
mav,0
ysl,0
kax,0
mlx,0
wdd,0
mrw,0
mwu,0
ykh,0
kes,0
wrg,0
laf,0
buv,0
bts,0
lpe,0
luv,0
umc,0
kjp,0
aub,0
mmz,0
omp,0
cry,0
okh,0
ptp,0
pae,0
pbg,0
dov,0
smf,0
lis,0
mnz,0
aug,0
ksu,0
don,0
ngx,0
zmt,0
umm,0
aye,0
cim,0
aqk,0
jcs,0
orh,0
guq,0
rar,0
jle,0
mkt,0
mzc,0
drn,0
pfa,0
mbt,0
ids,0
bps,0
cek,0
bsk,0
non,0
xeb,0
aeq,0
lkc,0
vgr,0
tst,0
zba,0
gbf,0
wum,0
kzi,0
ono,0
txg,0
tnd,0
klv,0
tol,0
agr,0
cuq,0
mfg,0
emm,0
egm,0
won,0
anl,0
sxw,0
tld,0
ksj,0
goh,0
zuy,0
vkj,0
kch,0
gwc,0
bkj,0
mpt,0
amb,0
lsi,0
toq,0
xnb,0
bdb,0
raz,0
spu,0
llc,0
tpf,0
ywu,0
twr,0
ypm,0
soo,0
llj,0
vil,0
usu,0
trs,0
wlh,0
saz,0
xuj,0
ake,0
lgs,0
rad,0
slf,0
mgi,0
trw,0
tto,0
bsj,0
kni,0
ndk,0
nke,0
bvb,0
jvd,0
bpz,0
psy,0
bef,0
jma,0
nsf,0
pnd,0
ktp,0
btp,0
oog,0
wom,0
ajs,0
toh,0
yml,0
drl,0
llh,0
nyx,0
uya,0
efe,0
pca,0
ofs,0
kfj,0
lsv,0
okz,0
ikh,0
yyu,0
khf,0
ese,0
cho,0
jpa,0
mbj,0
kyq,0
tin,0
tlk,0
xpp,0
nlo,0
tga,0
bog,0
csj,0
mnd,0
xtg,0
agg,0
shl,0
kpl,0
nkh,0
ilp,0
yel,0
twy,0
bwb,0
txe,0
diy,0
ele,0
vid,0
sre,0
qxq,0
kqj,0
gss,0
muk,0
gcd,0
pzh,0
xmb,0
bkt,0
ero,0
adr,0
mod,0
api,0
lsl,0
ttu,0
lzl,0
ksi,0
nez,0
rit,0
pns,0
kyr,0
pai,0
ttf,0
wnu,0
cks,0
srh,0
ssz,0
afe,0
twg,0
gbm,0
wyr,0
wma,0
zmv,0
blj,0
sqt,0
msu,0
ndb,0
gon,0
aaw,0
kyv,0
tmu,0
tnz,0
ken,0
slz,0
agl,0
nkt,0
cji,0
rms,0
gao,0
pgu,0
mta,0
ntp,0
aeu,0
xpy,0
ngv,0
trb,0
cno,0
ncx,0
xun,0
nuk,0
hav,0
jls,0
pmx,0
nus,0
awm,0
dgk,0
kqo,0
giy,0
les,0
tcq,0
kyi,0
pac,0
azt,0
rbp,0
skx,0
esl,0
kwe,0
guu,0
npl,0
zsa,0
tbu,0
ley,0
ttk,0
okv,0
mro,0
djr,0
mxy,0
lsa,0
kpa,0
izh,0
poe,0
swm,0
ngl,0
reb,0
vin,0
zme,0
smu,0
pti,0
kuc,0
vkp,0
dad,0
xil,0
dig,0
giu,0
ksk,0
kfi,0
lax,0
mrv,0
sbo,0
cnw,0
tiy,0
kqi,0
gad,0
ncu,0
ljp,0
beq,0
sya,0
hbb,0
mcj,0
dmd,0
kjb,0
bpi,0
szc,0
yox,0
gwd,0
had,0
dev,0
mli,0
kio,0
zbc,0
nki,0
tnc,0
tag,0
mmk,0
msl,0
byo,0
ago,0
kst,0
atb,0
hns,0
ysn,0
oyy,0
lec,0
vbb,0
nci,0
sni,0
eto,0
txj,0
boz,0
axx,0
skq,0
pip,0
yey,0
aap,0
gev,0
xdm,0
dym,0
xty,0
xtb,0
hup,0
xmc,0
beg,0
zyp,0
ttp,0
kvw,0
quc,0
wls,0
jbt,0
xti,0
lnd,0
otx,0
gcl,0
apy,0
bjr,0
mwm,0
ayz,0
dih,0
pnx,0
mnx,0
orv,0
chl,0
oku,0
thk,0
bhu,0
dbg,0
mry,0
ogc,0
pml,0
nut,0
mut,0
tch,0
nkw,0
ndh,0
xwj,0
htx,0
nlw,0
sln,0
yrb,0
okd,0
tas,0
zka,0
mwe,0
wrx,0
due,0
bcu,0
pud,0
aut,0
kbq,0
nwg,0
pqa,0
kku,0
nda,0
nud,0
oni,0
lbu,0
lsp,0
bzw,0
xtt,0
fum,0
kkq,0
var,0
hum,0
dgt,0
jio,0
xnz,0
apo,0
ykl,0
gmn,0
nmo,0
mkz,0
wod,0
las,0
xbp,0
yui,0
xhd,0
kxk,0
gut,0
zos,0
crd,0
lwm,0
ylb,0
ert,0
dak,0
std,0
tse,0
gvn,0
aag,0
kmg,0
gbl,0
xis,0
prh,0
xtc,0
kzw,0
gud,0
krs,0
mue,0
tkb,0
bzn,0
dbj,0
kmy,0
bol,0
nmt,0
mvw,0
txo,0
gjk,0
pnq,0
nbm,0
isc,0
ikv,0
bee,0
lqr,0
mzr,0
hnn,0
big,0
lue,0
gvr,0
ldo,0
tix,0
adj,0
nik,0
okb,0
poo,0
esn,0
wlx,0
hov,0
nru,0
sjw,0
ktq,0
tgh,0
sek,0
jie,0
txr,0
beh,0
xav,0
enu,0
tua,0
ana,0
brl,0
sia,0
cah,0
wrn,0
xtw,0
aid,0
aur,0
kdt,0
xgr,0
soq,0
nir,0
pbp,0
gak,0
tbf,0
lva,0
tbz,0
tcl,0
jan,0
itv,0
tlq,0
plh,0
hol,0
pea,0
cir,0
ptr,0
gbs,0
bdh,0
ibl,0
bjm,0
psl,0
zag,0
bff,0
ccm,0
paq,0
rsb,0
soy,0
xkp,0
cae,0
kef,0
gex,0
ecy,0
kmu,0
awv,0
nnj,0
gng,0
hng,0
xpr,0
kek,0
xmg,0
msx,0
ded,0
wlu,0
cgk,0
lra,0
lgq,0
ema,0
snk,0
vag,0
lbt,0
ctn,0
aie,0
nkq,0
tji,0
dwk,0
xld,0
ikz,0
kpr,0
hlb,0
bmt,0
whu,0
bzv,0
tkq,0
syk,0
gnh,0
yif,0
nyh,0
cbw,0
laz,0
lbm,0
kjk,0
sae,0
yrn,0
jge,0
yyz,0
mco,0
rth,0
gga,0
nzz,0
piv,0
bws,0
cwg,0
kwm,0
vrt,0
nbr,0
bez,0
kpy,0
gwm,0
umg,0
mda,0
pcc,0
lmd,0
rou,0
brs,0
kjg,0
tys,0
rug,0
ram,0
pir,0
kke,0
bwt,0
caf,0
cjk,0
xao,0
kgg,0
bzo,0
gru,0
sle,0
oty,0
slp,0
aoc,0
uky,0
lrv,0
mgz,0
tpa,0
bvm,0
ste,0
mqz,0
nrl,0
agj,0
sce,0
xsd,0
pkt,0
ncd,0
lyn,0
ssb,0
gjm,0
akv,0
amu,0
nat,0
aya,0
rsn,0
aax,0
djw,0
wmt,0
urm,0
bwd,0
rim,0
bdk,0
kqa,0
bfw,0
gcc,0
eja,0
kxv,0
air,0
gwn,0
ali,0
mse,0
hra,0
mfm,0
nzs,0
eud,0
tus,0
ncl,0
frm,0
sww,0
amn,0
bec,0
neq,0
kje,0
nuu,0
xxt,0
yra,0
siq,0
wti,0
peo,0
act,0
xqt,0
mkr,0
tvk,0
lha,0
mtt,0
loy,0
ach,0
shw,0
msd,0
cop,0
val,0
cas,0
ahk,0
cbq,0
mim,0
mcu,0
dkr,0
imy,0
mhl,0
zkz,0
aro,0
nna,0
khy,0
ula,0
kez,0
wtm,0
grg,0
xmj,0
yxy,0
apq,0
tnh,0
tlj,0
mbw,0
xww,0
mcr,0
mpc,0
ksv,0
bcm,0
pav,0
heg,0
tgu,0
mpw,0
mrt,0
gdf,0
mny,0
pkp,0
mem,0
enn,0
siz,0
guh,0
mhj,0
pux,0
bmo,0
wgu,0
bcj,0
glj,0
hac,0
sas,0
jmb,0
bpu,0
otu,0
tks,0
aig,0
drt,0
lbx,0
axm,0
auk,0
smv,0
wca,0
ull,0
kjh,0
kqh,0
sjo,0
lch,0
pug,0
mgf,0
inj,0
ivv,0
mwt,0
ssx,0
lzz,0
gka,0
for,0
dri,0
kif,0
csl,0
srs,0
smc,0
kmf,0
adl,0
mnf,0
dhg,0
stp,0
dln,0
ddo,0
kmm,0
gdb,0
ocu,0
rof,0
tdk,0
gig,0
goa,0
klp,0
nsl,0
bnc,0
grt,0
yae,0
yav,0
lsc,0
ati,0
bui,0
niu,0
aar,0
yle,0
rin,0
wwr,0
lik,0
bib,0
xsm,0
kjl,0
kfy,0
kxm,0
kqt,0
umo,0
cay,0
noy,0
ybl,0
ovd,0
gbx,0
jiq,0
mcn,0
sze,0
iyx,0
mfe,0
tud,0
apr,0
mbc,0
mgv,0
fad,0
puy,0
ktv,0
kwz,0
kgf,0
nol,0
djc,0
pmq,0
sso,0
taf,0
tnw,0
gbh,0
mpz,0
are,0
att,0
tog,0
npx,0
nrr,0
jog,0
tar,0
kia,0
ysm,0
gct,0
kdx,0
xme,0
kei,0
ekm,0
gaq,0
chb,0
blq,0
ppt,0
tba,0
yij,0
gab,0
ige,0
sty,0
ego,0
zma,0
bia,0
bsf,0
laj,0
ysy,0
xlc,0
ugn,0
kry,0
rol,0
nqt,0
ges,0
asy,0
suy,0
jaz,0
syn,0
vsi,0
zmx,0
bsl,0
ngb,0
pro,0
xni,0
akf,0
roe,0
sdj,0
sod,0
ajg,0
syi,0
kbt,0
bny,0
bcg,0
bbg,0
kux,0
nkz,0
sml,0
pbb,0
amz,0
bzq,0
ktz,0
hni,0
sor,0
igb,0
wim,0
mqr,0
ebc,0
tgq,0
twl,0
yuq,0
hmt,0
mud,0
sks,0
psr,0
rer,0
pgd,0
duh,0
ylu,0
sne,0
rrt,0
mxf,0
kfg,0
ttz,0
wru,0
ise,0
agw,0
toc,0
ras,0
sxe,0
mzi,0
prz,0
jje,0
fud,0
mgd,0
atz,0
mdh,0
tnr,0
cnx,0
ggb,0
tiw,0
pbo,0
sow,0
lmn,0
nyk,0
ygl,0
jow,0
mck,0
aik,0
oue,0
jbj,0
lws,0
tmo,0
kou,0
bae,0
plr,0
fng,0
mma,0
ica,0
enr,0
mid,0
hwa,0
llk,0
yaj,0
agk,0
njd,0
hmb,0
sbe,0
kqe,0
spe,0
huo,0
aqg,0
tav,0
bpt,0
huu,0
oon,0
gid,0
esq,0
gqr,0
nmc,0
oru,0
gnr,0
mtm,0
lob,0
grb,0
daq,0
gbn,0
arj,0
onx,0
tde,0
psp,0
dil,0
iwm,0
kjd,0
kum,0
dus,0
pyu,0
kfc,0
cal,0
mxq,0
khb,0
num,0
nwx,0
bnn,0
kxq,0
tlh,0
bvw,0
dbb,0
bta,0
mpb,0
tcx,0
ahm,0
cmo,0
bqm,0
aah,0
mhn,0
gdo,0
rnr,0
avd,0
gib,0
mde,0
xan,0
aga,0
rwk,0
dum,0
dji,0
kma,0
tzn,0
mjp,0
igs,0
kol,0
tab,0
bfm,0
aac,0
rtm,0
aed,0
nby,0
kli,0
vmf,0
tbk,0
aox,0
knr,0
tuo,0
gha,0
lnz,0
qwm,0
nrx,0
kyt,0
szn,0
wan,0
smp,0
woy,0
yms,0
rcf,0
pre,0
myy,0
guz,0
osx,0
lcp,0
zrg,0
xtm,0
khq,0
hvc,0
zmw,0
daa,0
xod,0
kuz,0
mhe,0
wwb,0
pla,0
flh,0
lrk,0
tek,0
mza,0
wbq,0
rui,0
xua,0
ili,0
snp,0
kqc,0
ses,0
rrm,0
psw,0
dde,0
cbl,0
ano,0
kzm,0
bzt,0
shy,0
lol,0
poy,0
fut,0
sng,0
mzl,0
nde,0
sgj,0
oge,0
skv,0
xac,0
ngs,0
zlu,0
lmf,0
enl,0
vmu,0
pty,0
xyk,0
nnf,0
rgk,0
twn,0
urv,0
adg,0
bha,0
nwc,0
bph,0
pie,0
rhp,0
col,0
aft,0
jiv,0
mua,0
eko,0
jbw,0
spl,0
ypz,0
yty,0
ajw,0
gnk,0
nju,0
mls,0
til,0
mdc,0
ver,0
anj,0
vmg,0
ntw,0
khv,0
mmd,0
jna,0
khh,0
aoa,0
cso,0
xsi,0
lgi,0
ola,0
deg,0
wmn,0
urp,0
cpa,0
kyy,0
dmv,0
uni,0
uda,0
soc,0
myb,0
bfl,0
cco,0
tht,0
bit,0
ple,0
svm,0
rge,0
khg,0
xgl,0
nsb,0
nxq,0
aca,0
ngg,0
der,0
mus,0
dbi,0
tyx,0
tti,0
olt,0
tyn,0
mkx,0
aqd,0
shb,0
chq,0
veo,0
afk,0
bzg,0
tru,0
ruk,0
tdl,0
mul,0
rgr,0
cla,0
ght,0
beo,0
xre,0
pmm,0
mto,0
qyp,0
kye,0
iqw,0
nkr,0
tnb,0
kfp,0
yiu,0
cje,0
dwu,0
awt,0
ynb,0
kos,0
tuh,0
ssi,0
fvr,0
pas,0
uhn,0
rkb,0
ssc,0
tey,0
koc,0
xok,0
orw,0
pao,0
bbx,0
bfz,0
asg,0
mnq,0
scl,0
lgb,0
asz,0
mgu,0
ntu,0
xso,0
zmp,0
kuo,0
hti,0
asl,0
sbi,0
mzm,0
mbu,0
ian,0
kpd,0
jmi,0
kmv,0
ymx,0
xmz,0
oub,0
nnh,0
sms,0
mkn,0
ils,0
jet,0
cdn,0
doe,0
bsn,0
tbx,0
gwj,0
kjz,0
mrb,0
dgc,0
nmd,0
ngk,0
zau,0
shh,0
knp,0
aaz,0
urr,0
ute,0
ayk,0
rmx,0
kgi,0
kfb,0
tjl,0
tpq,0
btw,0
lla,0
ayb,0
txa,0
yxu,0
gro,0
gyl,0
xrg,0
axk,0
hab,0
tuv,0
usp,0
tta,0
twq,0
mpi,0
ktn,0
nid,0
ayq,0
agx,0
aks,0
gel,0
kln,0
ifm,0
mxt,0
ywq,0
hid,0
spn,0
suw,0
mcz,0
mkj,0
rpn,0
ybj,0
mrc,0
amk,0
puc,0
stn,0
ktj,0
ngz,0
end,0
meq,0
tuu,0
lep,0
yaz,0
xsy,0
mhi,0
dng,0
fap,0
ruz,0
spp,0
bkx,0
jru,0
han,0
bkn,0
mhg,0
vmz,0
obr,0
gni,0
wkw,0
yuc,0
nio,0
otr,0
bea,0
tal,0
kqb,0
emb,0
fip,0
yry,0
bim,0
bsq,0
nyj,0
ccd,0
aww,0
uon,0
kgp,0
mvu,0
kgj,0
nuv,0
mje,0
bkm,0
smx,0
igo,0
ktd,0
prm,0
xtq,0
bce,0
mlp,0
huw,0
akw,0
kkv,0
kib,0
bkz,0
nty,0
nlv,0
bzz,0
ycn,0
tsj,0
cfg,0
tby,0
bev,0
wmo,0
ahb,0
gyg,0
mrl,0
mxk,0
shd,0
abd,0
apl,0
izm,0
buw,0
dho,0
wny,0
nnn,0
bjx,0
bne,0
niy,0
nbv,0
wgy,0
teo,0
xiy,0
zng,0
xby,0
ruo,0
xha,0
opa,0
mlm,0
tiq,0
vms,0
opt,0
nuz,0
dnk,0
lip,0
aos,0
nwa,0
obi,0
gbd,0
bso,0
mdz,0
skd,0
xeu,0
ynd,0
zsu,0
mcx,0
sbm,0
kui,0
onk,0
lwe,0
dpp,0
bwc,0
gog,0
mdl,0
alx,0
atq,0
evh,0
chp,0
ner,0
tmd,0
nme,0
gge,0
wbs,0
yak,0
jyy,0
prk,0
sbf,0
yva,0
aps,0
tor,0
moj,0
bxf,0
liv,0
mqt,0
idi,0
nfd,0
bgs,0
mlu,0
ccl,0
xpm,0
klk,0
dmf,0
fqs,0
sdk,0
akx,0
tro,0
zms,0
mqu,0
bxh,0
emq,0
paf,0
jrt,0
mmv,0
zin,0
ldd,0
lle,0
szg,0
txh,0
baf,0
ywn,0
pue,0
wrp,0
sik,0
agb,0
nxm,0
xnk,0
kvn,0
klo,0
nrt,0
ngy,0
bdn,0
tqp,0
sgw,0
emy,0
ldh,0
xyt,0
dbm,0
yah,0
yxm,0
ped,0
yag,0
vmc,0
nlx,0
srq,0
kjx,0
dgz,0
luk,0
kjs,0
msr,0
cox,0
coc,0
isr,0
lby,0
nbb,0
tvn,0
dmx,0
svc,0
lgo,0
khc,0
ptt,0
zap,0
kqu,0
iii,0
gub,0
wob,0
caa,0
dww,0
pab,0
wll,0
eka,0
mjk,0
jda,0
ker,0
kqq,0
wwo,0
duz,0
tfn,0
usa,0
aih,0
dtn,0
aey,0
jvn,0
hds,0
mmu,0
guk,0
doh,0
wes,0
cin,0
hkn,0
kzx,0
ims,0
xrn,0
khx,0
brn,0
mws,0
how,0
pnu,0
mss,0
skc,0
vku,0
dsi,0
jid,0
kqf,0
wmc,0
aal,0
gyy,0
dry,0
fuj,0
tue,0
ule,0
klx,0
crf,0
byi,0
ndd,0
kxb,0
emp,0
bop,0
ynq,0
bbf,0
anz,0
itr,0
mhy,0
gna,0
ncf,0
ppp,0
wep,0
hrw,0
wdk,0
dgg,0
mji,0
agd,0
maz,0
gvy,0
atl,0
hor,0
plw,0
gjr,0
wgb,0
ptn,0
mcv,0
bqj,0
kgn,0
rmt,0
wrh,0
abz,0
tng,0
kpz,0
grs,0
mdq,0
zmj,0
ssr,0
puf,0
tub,0
vam,0
yzg,0
umd,0
mdw,0
nnm,0
ndm,0
fly,0
bnb,0
yax,0
xag,0
tnt,0
kwn,0
gpa,0
nkc,0
xms,0
pil,0
muj,0
lhl,0
dyb,0
unk,0
fll,0
bbq,0
gwr,0
ots,0
luw,0
tea,0
sgd,0
xzh,0
pwi,0
bnw,0
nsw,0
ziw,0
sus,0
xbd,0
avi,0
baw,0
sdb,0
zkh,0
nhw,0
wth,0
zak,0
bvh,0
cip,0
srz,0
nyo,0
kov,0
nal,0
hoa,0
kqy,0
bdm,0
ila,0
toz,0
mbx,0
kkt,0
nhm,0
cag,0
alj,0
xhr,0
isk,0
ppl,0
dor,0
pth,0
xfa,0
vsl,0
uvh,0
bfd,0
wbb,0
tfi,0
sew,0
bob,0
yxa,0
ybm,0
bcp,0
nhq,0
pgl,0
rav,0
aud,0
nma,0
vma,0
gkn,0
dzd,0
cac,0
lun,0
bjg,0
mee,0
cou,0
gfk,0
mqf,0
ndn,0
aph,0
ksr,0
ffi,0
tkm,0
mir,0
tvy,0
dnw,0
ssd,0
klu,0
khd,0
kpg,0
yam,0
ktc,0
duu,0
quq,0
nhr,0
nbt,0
nti,0
crz,0
clc,0
kun,0
elu,0
bbv,0
brh,0
mhk,0
jel,0
kkr,0
mas,0
eri,0
kfr,0
hgw,0
awh,0
mvq,0
nie,0
tlg,0
ttn,0
tjo,0
znk,0
loq,0
boq,0
ppq,0
mlv,0
xlu,0
xpg,0
avs,0
bds,0
mtn,0
pix,0
wdj,0
bgv,0
jns,0
kqv,0
sif,0
luf,0
bub,0
sqm,0
tvs,0
pof,0
cto,0
yro,0
clh,0
bus,0
lmq,0
dje,0
msp,0
bfs,0
ahp,0
hdy,0
kqx,0
mlb,0
olk,0
nue,0
ppk,0
zkt,0
xay,0
cap,0
enh,0
ruu,0
nto,0
sxu,0
hmv,0
nee,0
aol,0
rel,0
wie,0
bcs,0
bil,0
bjo,0
gei,0
buc,0
oie,0
sbw,0
lac,0
dtb,0
kcv,0
oua,0
tzj,0
blt,0
pos,0
gyo,0
mrd,0
ags,0
sue,0
raf,0
mef,0
moo,0
foi,0
pal,0
bqv,0
ilv,0
boi,0
fkk,0
dic,0
whk,0
seu,0
snz,0
xkf,0
aor,0
kck,0
tsy,0
vae,0
jgk,0
kqp,0
thp,0
pku,0
hnu,0
aip,0
esy,0
liu,0
mjo,0
ozm,0
awe,0
tes,0
ymb,0
tce,0
vum,0
bvl,0
apu,0
myw,0
pll,0
lww,0
kag,0
tvl,0
anq,0
jaj,0
dka,0
mlj,0
cuv,0
bhw,0
csv,0
nnc,0
sdf,0
nre,0
nst,0
wrs,0
tdr,0
bqx,0
nza,0
bda,0
all,0
kug,0
pui,0
kkm,0
kie,0
fwe,0
npa,0
caw,0
pay,0
tdh,0
mca,0
hru,0
tbs,0
tft,0
mqk,0
bpx,0
nzy,0
rng,0
jaf,0
nyw,0
clw,0
wew,0
kwu,0
fpe,0
meu,0
kqz,0
mwi,0
knz,0
tdf,0
atn,0
mbl,0
czk,0
nku,0
gvo,0
tpl,0
sib,0
pov,0
kyc,0
suk,0
waf,0
afz,0
wwa,0
yee,0
djk,0
avm,0
sub,0
lke,0
bie,0
fmu,0
yoi,0
xla,0
gku,0
ibd,0
yrs,0
duc,0
fse,0
fsl,0
ygr,0
ret,0
taw,0
bya,0
tmv,0
clm,0
ihw,0
duq,0
uuu,0
lss,0
ned,0
bhf,0
dbe,0
nkm,0
xhm,0
urg,0
ctg,0
gus,0
bmb,0
bkd,0
tmq,0
zoh,0
gos,0
dtp,0
gua,0
crv,0
kwx,0
kac,0
kij,0
rmd,0
prl,0
kbu,0
xcn,0
vis,0
njl,0
kev,0
mft,0
spm,0
kdi,0
mwz,0
bzf,0
mxm,0
pey,0
key,0
bcn,0
mcb,0
omx,0
cav,0
lop,0
abx,0
ted,0
rmh,0
gbj,0
lon,0
ats,0
vai,0
tls,0
kpq,0
tbo,0
ldp,0
bxw,0
mwb,0
yac,0
tgp,0
nfa,0
chx,0
cuy,0
yay,0
tem,0
dhi,0
ykk,0
asp,0
tao,0
kfh,0
mow,0
dsn,0
prg,0
tnv,0
xhu,0
jia,0
ymc,0
cpu,0
kca,0
fmp,0
kgb,0
tme,0
put,0
abw,0
nji,0
yiq,0
zom,0
hsl,0
shg,0
kvh,0
bnu,0
irr,0
bnf,0
ljx,0
nzd,0
hap,0
mvx,0
udu,0
bqa,0
zkv,0
tee,0
sju,0
okx,0
ibn,0
hvn,0
cur,0
xle,0
mme,0
pcf,0
trm,0
acn,0
bmc,0
npn,0
kzg,0
mps,0
kvz,0
arp,0
abe,0
ruy,0
ndo,0
aib,0
gce,0
wku,0
bpv,0
tmj,0
smz,0
cjv,0
bfk,0
kfw,0
xpv,0
sbn,0
weh,0
xii,0
xbj,0
ckq,0
gbg,0
tqu,0
sbb,0
cml,0
sri,0
puq,0
ham,0
ppn,0
wig,0
mva,0
yia,0
pih,0
gok,0
bwh,0
pln,0
keo,0
knd,0
krj,0
kcr,0
yxg,0
nuf,0
pit,0
sil,0
soe,0
tkn,0
mjl,0
mfk,0
ttm,0
omg,0
wal,0
ssf,0
tap,0
bey,0
qun,0
guf,0
trz,0
poc,0
dbq,0
jau,0
dah,0
jod,0
ane,0
skm,0
tty,0
biv,0
ngj,0
bdy,0
csn,0
abp,0
ttl,0
txc,0
mhp,0
bbl,0
gds,0
teb,0
kzn,0
xgb,0
stf,0
bbm,0
stj,0
ybo,0
nja,0
bje,0
kmp,0
jmc,0
nsc,0
bpc,0
wmw,0
ked,0
pnl,0
ugy,0
nos,0
pps,0
zuh,0
lrc,0
dar,0
pto,0
asx,0
mkl,0
iso,0
cov,0
lef,0
avt,0
gip,0
wiu,0
bcz,0
jmr,0
niv,0
oke,0
loi,0
trj,0
gox,0
rop,0
xri,0
pkc,0
xad,0
lrn,0
mhf,0
jui,0
agm,0
oji,0
ons,0
gve,0
dol,0
khz,0
yla,0
aas,0
dii,0
kuu,0
tqb,0
mfv,0
gyf,0
hvv,0
sjd,0
ged,0
lkn,0
wah,0
krl,0
gll,0
kpx,0
xve,0
mmb,0
jya,0
yss,0
bzp,0
tnm,0
xgd,0
boa,0
mtv,0
lyg,0
cao,0
xzm,0
uli,0
drg,0
gma,0
akl,0
nmz,0
wok,0
kpf,0
nmw,0
jmw,0
jer,0
shk,0
kyb,0
ntr,0
ard,0
ame,0
lth,0
chn,0
gah,0
vwa,0
irn,0
kog,0
kdg,0
sdr,0
xpj,0
nnr,0
mrr,0
bot,0
aot,0
kbo,0
kcx,0
bvc,0
mqo,0
tdb,0
enc,0
ayd,0
dmm,0
bab,0
alf,0
tsk,0
mwg,0
xdk,0
nmk,0
urz,0
bba,0
nqg,0
kvj,0
rut,0
omn,0
bqq,0
fif,0
cia,0
lir,0
xli,0
llg,0
kzf,0
lnw,0
tox,0
god,0
utu,0
ogo,0
bwr,0
dem,0
poq,0
fai,0
kav,0
yng,0
cul,0
tka,0
kww,0
hus,0
twx,0
pum,0
tiz,0
pqm,0
adw,0
bjp,0
hoo,0
frq,0
aup,0
nnt,0
dby,0
txn,0
kse,0
trg,0
kbc,0
ygi,0
wil,0
jsl,0
kwv,0
cpo,0
jku,0
nmq,0
mzh,0
alw,0
ree,0
dyy,0
wsv,0
thm,0
bli,0
ymz,0
sox,0
tct,0
syy,0
gta,0
kyo,0
cbj,0
ocm,0
nck,0
bov,0
luj,0
ulk,0
ett,0
nye,0
xes,0
kcq,0
tjj,0
gou,0
smk,0
kap,0
pgk,0
xtr,0
bsm,0
bvz,0
mhm,0
wif,0
bqc,0
snr,0
lnb,0
cbv,0
dnv,0
rys,0
bsa,0
hmo,0
xwr,0
mjz,0
mnr,0
spk,0
chf,0
tcz,0
lix,0
crt,0
bct,0
sog,0
kxn,0
slg,0
tpx,0
sbd,0
xsj,0
cfd,0
sjk,0
xmo,0
her,0
lig,0
ltn,0
mur,0
tgx,0
gic,0
dgr,0
klf,0
pax,0
leq,0
anm,0
rmk,0
kkz,0
dze,0
dmk,0
pij,0
huz,0
npo,0
ilk,0
bpn,0
mdn,0
mjw,0
kqr,0
dep,0
yrk,0
gwt,0
hod,0
njh,0
wao,0
ayu,0
nbg,0
kxo,0
mmq,0
nmx,0
rbb,0
nyb,0
xhc,0
wsi,0
vaa,0
gek,0
hoy,0
trn,0
yap,0
lmw,0
auu,0
stm,0
knv,0
wai,0
byr,0
kua,0
prn,0
geg,0
tep,0
neg,0
gej,0
smj,0
tja,0
nsp,0
ngr,0
swi,0
pnk,0
lmg,0
uss,0
mnj,0
peb,0
dyu,0
kwg,0
iwo,0
ntk,0
gwx,0
efa,0
ykm,0
mel,0
mdx,0
tla,0
pcw,0
wbh,0
kza,0
lil,0
xar,0
noz,0
ckx,0
lsh,0
bxo,0
saf,0
ihp,0
bud,0
idd,0
ssv,0
bgo,0
mqq,0
bko,0
uta,0
neo,0
mrs,0
fam,0
abt,0
bdi,0
mzy,0
xts,0
nbh,0
lai,0
hut,0
kwf,0
jdt,0
piy,0
kae,0
gue,0
rgn,0
mfz,0
tss,0
ksc,0
mec,0
cri,0
ygs,0
urw,0
zmn,0
cna,0
gmx,0
cua,0
bja,0
lbw,0
okm,0
tnp,0
cbr,0
gva,0
acd,0
mcf,0
vif,0
bgj,0
dur,0
ddn,0
hmn,0
nux,0
jub,0
jbu,0
cch,0
etr,0
jut,0
mau,0
prr,0
tiu,0
srl,0
beu,0
gba,0
mdd,0
spc,0
aiw,0
csg,0
mcy,0
nou,0
any,0
dug,0
skb,0
tpn,0
ppi,0
frc,0
lsn,0
ghl,0
woc,0
msg,0
jeb,0
kxs,0
kfv,0
tae,0
kgu,0
nkd,0
xcb,0
iby,0
itd,0
kph,0
ave,0
hia,0
zhb,0
tsa,0
nxe,0
hai,0
yun,0
nco,0
tiv,0
xsr,0
kyu,0
gbr,0
bwl,0
tmg,0
pot,0
ukq,0
qui,0
atw,0
quv,0
mcq,0
xup,0
ilb,0
clj,0
bfh,0
amx,0
hro,0
ngt,0
cdz,0
loa,0
sqa,0
jnd,0
yhs,0
bby,0
nps,0
com,0
now,0
uvl,0
cbu,0
aqt,0
dgi,0
nri,0
ruh,0
obu,0
was,0
piw,0
bjz,0
wic,0
atx,0
yuy,0
swq,0
bna,0
bhz,0
kpu,0
smh,0
tmc,0
wle,0
gsl,0
wxw,0
yna,0
gnq,0
bet,0
pej,0
met,0
okl,0
ulb,0
ump,0
xdy,0
bla,0
fia,0
sbg,0
mrx,0
dos,0
scu,0
jih,0
lda,0
nig,0
zhi,0
mzj,0
daj,0
xbg,0
sob,0
xyb,0
ysc,0
twf,0
acs,0
drb,0
kvq,0
lpn,0
tpu,0
tnx,0
brb,0
wer,0
kao,0
cwb,0
buf,0
kiy,0
anx,0
juk,0
lul,0
pem,0
drd,0
led,0
vnk,0
mig,0
vmd,0
itz,0
iai,0
xau,0
xsv,0
bpl,0
wyb,0
gbz,0
nul,0
nys,0
ubu,0
sqo,0
kvx,0
gal,0
kex,0
nbj,0
aew,0
wlw,0
wri,0
yll,0
kzz,0
ncq,0
gaj,0
bvg,0
xyj,0
biq,0
nbk,0
sdt,0
tsi,0
lgn,0
wrm,0
brq,0
sno,0
aim,0
gux,0
mrh,0
saj,0
cen,0
isv,0
mgs,0
bhn,0
wub,0
bks,0
mcs,0
cps,0
klb,0
noa,0
tob,0
mzp,0
bqg,0
iow,0
bls,0
lui,0
cvn,0
oro,0
awi,0
pcn,0
kgx,0
mjq,0
lro,0
mxe,0
gie,0
nuy,0
nam,0
bco,0
kzs,0
kzl,0
cce,0
ibh,0
aai,0
bqi,0
azo,0
sby,0
srt,0
far,0
svs,0
ndl,0
xrr,0
aho,0
bkq,0
kvi,0
nin,0
phu,0
sii,0
uln,0
ums,0
wtb,0
mbe,0
xat,0
sfs,0
bqt,0
lox,0
nyp,0
myo,0
lkd,0
nab,0
byf,0
oca,0
xai,0
dms,0
tad,0
bck,0
uly,0
trh,0
mfx,0
wky,0
wkl,0
tmh,0
sqh,0
anh,0
glu,0
wbv,0
asv,0
did,0
bdx,0
pck,0
dzl,0
vmp,0
bmq,0
kqm,0
jwi,0
gix,0
otm,0
gap,0
kle,0
yuf,0
yug,0
stg,0
yrl,0
age,0
ior,0
ate,0
llb,0
lmv,0
gcf,0
alc,0
wrl,0
xwe,0
yim,0
pic,0
wii,0
nka,0
peg,0
cde,0
mby,0
lbg,0
glw,0
ins,0
xkz,0
rab,0
gpn,0
moi,0
rau,0
kpi,0
jbm,0
lsw,0
wua,0
gdk,0
tpy,0
kve,0
thn,0
tts,0
kpk,0
kgv,0
knj,0
naq,0
mze,0
pzn,0
axb,0
zsk,0
bag,0
pis,0
yev,0
mpn,0
lmc,0
nmv,0
mug,0
buo,0
tau,0
jhi,0
zko,0
typ,0
sbs,0
